list_name,name,label::English (en),label::Arabic (ar),mantika,organisation,shape_code,media::image:: English (en),media::image:: Arabic (ar)
yes_no,yes,Yes,äÚã,,,,,
yes_no,no,No,áÇ,,,,,
male_female,male,Male,ĞßÑ,,,,,
male_female,female,Female,ÃäËì,,,,,
food_source,own_production,1. Own production,ÅäÊÇÌ ÎÇÕ,,,,,
food_source,food_aid,"2. Received as food aid through government, UN, NGOs, civil society, etc.",ÊáŞí ÇáãÓÇÚÏÇÊ ÇáÛĞÇÆíÉ ãä ÎáÇá ÇáÍßæãÉ¡ ÇáÃãã ÇáãÊÍÏÉ¡ ÇáãäÙãÇÊ ÛíÑ ÇáÍßæãíÉ¡ ÇáãÌÊãÚ ÇáãÏäí¡ ÅáÎ.,,,,,
food_source,food_gift,3. Received as gift from friends or relatives,ÇáÍÕæá Úáíå ßåÏíÉ ãä ÇáÃÕÏŞÇÁ Ãæ ÇáÃŞÇÑÈ,,,,,
food_source,market_cash,4. Market (purchased with cash) ,ÇáÓæŞ (Êã ÔÑÇÄå äŞÏğÇ),,,,,
food_source,market_credit,5. Market (purchased on credit),ÇáÓæŞ (Êã ÔÑÇÄå ÈÇáÏíä),,,,,
food_source,market_cheque,6. Market (purchased with cheque), ÇáÓæŞ (Êã ÔÑÇÄå ÈÇáÔíß),,,,,
food_source,work_barter_food,7. Work or barter for food,ÇáÚãá Ãæ ãŞÇíÖÉ ÇáØÚÇã ,,,,,
food_source,gatherring_hunting_fishing,"8. Gathering, hunting, or fishing",ÇáÍÕÇÏ Ãæ ÇáÕíÏ ÇáÈÑí Ãæ ÕíÏ ÇáÓãß ,,,,,
food_source,borrowing_food,"9. Borrowing food from relatives, hosts, or external parties",ÇŞÊÑÇÖ ÇáØÚÇã ãä ÇáÃŞÇÑÈ Ãæ ÇáãÖíİíä Ãæ ÇáÃØÑÇİ ÇáÎÇÑÌíÉ   ,,,,,
food_source,zakat,10. Zakat,ÇáÒßÇÉ,,,,,
food_source,other,Other (specify), ÛíÑ Ğáß (íÑÌì ÇáÊÍÏíÏ),,,,,
food_source,dk,Don't know, áÇ ÃÚÑİ,,,,,
food_source,dwta,Prefer not to answer, ÃİÖá ÚÏã ÇáÅÌÇÈÉ  ,,,,,
agriculture_production,crop_production,"1. Yes, crop production",äÚã¡ İí ÒÑÇÚÉ ÇáãÍÇÕíá,,,,,
agriculture_production,livestock_production,"2. Yes, livestock production",äÚã¡ İí ÊÑÈíÉ ÇáãÇÔíÉ,,,,,
agriculture_production,fishing_production,"3. Yes, fishing/fisheries",äÚã¡ İí ÇáÕíÏ Ãæ ÇáÏæÇÌä,,,,,
agriculture_production,no,No,áÇ,,,,,
yes_no_dk_dwta,yes,Yes,äÚã,,,,,
yes_no_dk_dwta,no,No,áÇ,,,,,
yes_no_dk_dwta,dk,Don't know,áÇ ÃÚáã,,,,,
yes_no_dk_dwta,dwta,Prefer not to answer,ÃİÖá ÚÏã ÇáÇÌÇÈÉ,,,,,
agriculture_activities,crop_production_activity,1. Crop production,ÅäÊÇÌ ÇáãÍÇÕíá,,,,,
agriculture_activities,livestock_activity,2. Livestock production,ÅäÊÇÌ ÇáËÑæÉ ÇáÍíæÇäíÉ,,,,,
agriculture_activities,fishing_activity,3. Fishing/fisheries,ÇáÕíÏ / ãÕÇíÏ ÇáÃÓãÇß,,,,,
agriculture_activities,other,Other (specify),ÃÎÑì (íÑÌì ÇáÊÍÏíÏ),,,,,
year,year_2011,1. 2011,ÓäÉ 2011,,,,,
year,year_2012,2. 2012,ÓäÉ 2012,,,,,
year,year_2013,3. 2013,ÓäÉ 2013,,,,,
year,year_2014,4. 2014,ÓäÉ 2014,,,,,
year,year_2015,5. 2015,ÓäÉ 2015,,,,,
year,year_2016,6. 2016,ÓäÉ 2016,,,,,
year,year_2017,7. 2017,ÓäÉ 2017,,,,,
year,year_2018,8. 2018,ÓäÉ 2018,,,,,
year,year_2019,9. 2019,ÓäÉ 2019,,,,,
crop_production_challenges,unable_access_afford_land,1. Unable to access or afford land,ÛíÑ ŞÇÏÑ Úáì ÇáæÕæá Åáì Ãæ ÏİÚ ÊßÇáíİ ÇáÃÑÇÖí,,,,,
crop_production_challenges,leave_land_displaced,2. Had to leave our land due to displacement,ÇÖØÑÑäÇ Åáì ãÛÇÏÑÉ ÃÑÖäÇ ÈÓÈÈ ÇáäÒæÍ,,,,,
crop_production_challenges,crops_seized_destroyed,3. Crops stolen/seized/destroyed,ÇáãÍÇÕíá ÓÑŞÊ / ÕæÏÑÊ / ÏãÑÊ,,,,,
crop_production_challenges,unable_access_afford_seeds,4. Unable to access or afford seeds,ÛíÑ ŞÇÏÑ Úáì ÇáæÕæá Ãæ ÏİÚ ÊßÇáíİ ÇáÈĞæÑ,,,,,
crop_production_challenges,unable_access_afford_pesticides,5. Unable to access or afford fertilizers and pesticides,ÛíÑ ŞÇÏÑ Úáì ÇáæÕæá Ãæ ÏİÚ ÊßÇáíİ ÇáÃÓãÏÉ æÇáãÈíÏÇÊ ÇáÍÔÑíÉ,,,,,
crop_production_challenges,unable_access_afford_water,6. Unable to access or afford clean water resources,ÛíÑ ŞÇÏÑ Úáì ÇáæÕæá Ãæ ÏİÚ ÊßÇáíİ ãæÇÑÏ ãíÇå äÙíİÉ,,,,,
crop_production_challenges,unable_access_afford_fuel_tools,7. Unable to access or afford fuel/tools/machinery,ÛíÑ ŞÇÏÑ Úáì ÇáæÕæá Ãæ ÏİÚ ÊßÇáíİ ÇáæŞæÏ / ÃÏæÇÊ / ÇáÂáÇÊ,,,,,
crop_production_challenges,pests_diseases,"8. Pests (rats, insects, birds, etc.) and diseases",ÇáÂİÇÊ (ÇáİÆÑÇä æÇáÍÔÑÇÊ æÇáØíæÑ æÛíÑåÇ) æÇáÃãÑÇÖ,,,,,
crop_production_challenges,unable_access_afford_labor,9. Unable to access or afford labor,ÛíÑ ŞÇÏÑ Úáì ÇáæÕæá Ãæ ÏİÚ ÊßÇáíİ ÇáíÏ ÇáÚÇãáÉ,,,,,
crop_production_challenges,unable_access_markets_storage,"10. Unable to access markets, storage and processing facilities", ÛíÑ ŞÇÏÑ Úáì ÇáæÕæá Åáì ÇáÃÓæÇŞ¡ æãÑÇİŞ ÇáÊÎÒíä æÇáãÚÇáÌÉ,,,,,
crop_production_challenges,not_economically_viable,"11. Not economically viable (i.e., production costs too high compared to benefits)", áíÓÊ ŞÇÈáÉ ááÍíÇÉ ÇŞÊÕÇÏíğÇ (Úáì ÓÈíá ÇáãËÇá¡ ÊßÇáíİ ÇáÅäÊÇÌ ãÑÊİÚÉ ÌÏğÇ ãŞÇÑäÉ ÈÇáİæÇÆÏ),,,,,
crop_production_challenges,insecurity,12. Insecurity, ÇäÚÏÇã ÇáÃãä,,,,,
crop_production_challenges,power_cuts,13. Power cuts, ÇäŞØÇÚ ÇáÊíÇÑ ÇáßåÑÈÇÆí,,,,,
crop_production_challenges,other,Other (specify), ÛíÑ Ğáß (íÑÌì ÇáÊÍÏíÏ),,,,,
livestock_production_challenges,animal_died,1. Animals have died,ãæÊ ÇáÍíæÇäÇÊ,,,,,
livestock_production_challenges,animal_diseases,2. Animals have been affected by diseases,ÊÃËÑÊ ÇáÍíæÇäÇÊ ÈÇáÃãÑÇÖ,,,,,
livestock_production_challenges,sell_slaughter_own_consumption,3. Have had to sell or slaughter animals for own consumption,ÇÖØÑÑÊ áÈíÚ Ãæ ĞÈÍ ÇáÍíæÇäÇÊ ááÇÓÊåáÇß ÇáÎÇÕ,,,,,
livestock_production_challenges,lack_access_fodder_pasture,4. Lack of access to fodder/animal feed/pasture,ÚÏã ÇáÍÕæá Úáì ÇáÚáİ / ÛĞÇÁ ÇáÍíæÇä / ÇáãÑÚì,,,,,
livestock_production_challenges,lack_access_water,5. Lack of access to water,ÚÏã ÇáÍÕæá Úáì ãíÇå äÙíİÉ,,,,,
livestock_production_challenges,lack_veterinary_services,"6. Lack of veterinary services, vaccines, and medicines",äŞÕ ÇáÎÏãÇÊ ÇáÈíØÑíÉ æÇááŞÇÍÇÊ æÇáÃÏæíÉ,,,,,
livestock_production_challenges,lack_labor,7. Lack of labor to care for animals ,ÚÏã æÌæÏ Şæì ÚÇãáÉ áÑÚÇíÉ ÇáÍíæÇäÇÊ,,,,,
livestock_production_challenges,animal_stolen,8. Animals have been stolen,ÓÑŞÊ ÇáÍíæÇäÇÊ,,,,,
livestock_production_challenges,other,Other (specify),ÛíÑåÇ (íÑÌì ÇáÊÍÏíÏ),,,,,
fishing_challenges,catches_decreased,1. Catches decreased,ÅäÎİÇÖ İí ßãíÇÊ ÇáãÕíÏ,,,,,
fishing_challenges,unable_access_markets_sell,2. Unable to access markets/sell production,ÛíÑ ŞÇÏÑ Úáì ÇáæÕæá Åáì ÇáÃÓæÇŞ / ÈíÚ ÇáÅäÊÇÌ,,,,,
fishing_challenges,insecurity_increased,3. Insecurity increased,ÒíÇÏÉ ÇäÚÏÇã ÇáÃãä,,,,,
fishing_challenges,pollution_increased,4. Pollution increased,ÒíÇÏÉ ÇáÊáæË,,,,,
fishing_challenges,unable_access_afford_fuel,5. Unable to access or afford fuel,ÛíÑ ŞÇÏÑ Úáì ÇáæÕæá Åáì Ãæ ÊÍãá ÇáæŞæÏ,,,,,
fishing_challenges,unable_access_afford_equipment,6. Unable to access or afford equipment,ÛíÑ ŞÇÏÑ Úáì ÇáæÕæá Ãæ ÔÑÇÁ ÇáãÚÏÇÊ,,,,,
fishing_challenges,equipment_damaged_stolen,7. Equipment damaged or stolen,ÇáãÚÏÇÊ ÇáÊÇáİÉ Ãæ ÇáãÓÑæŞÉ,,,,,
fishing_challenges,unable_access_afford_labour,8. Unable to access or afford labour,ÛíÑ ŞÇÏÑ Úáì ÇáæÕæá Ãæ ÊÍãá ÇáíÏ ÇáÚÇãáÉ,,,,,
fishing_challenges,other,Other (specify),ÛíÑåÇ (íÑÌì ÇáÊÍÏíÏ),,,,,
types_crops,irrigated_wheat,1. Irrigated wheat,ÇáŞãÍ ÇáãÑæí,,,,,
types_crops,rainfed_wheat,2. Rainfed wheat,ÇáŞãÍ ÇáÈÚáí,,,,,
types_crops,barley,3. Barley,ÇáÔÚíÑ,,,,,
types_crops,maize,4. Maize,ÇáĞÑÉ,,,,,
types_crops,pulses,"5. Pulses (beans, chickpeas, nuts, etc.)",ÇáÈŞæáíÇÊ (Çáİæá¡ ÇáÍãÕ¡ ÇáãßÓÑÇÊ¡ ÅáÎ),,,,,
types_crops,potatoes_other_tubers,6. Potatoes or other tubers,ÇáÈØÇØÇ Ãæ ÇáÏÑäÇÊ ÇáÃÎÑì,,,,,
types_crops,tomatoes,7. Tomatoes,ÇáØãÇØã,,,,,
types_crops,cucumbers,8. Cucumbers,ÇáÎíÇÑ,,,,,
types_crops,peppers,9. Peppers,Çáİáİá,,,,,
types_crops,cauliflower,10. Cauliflower, ÇáŞÑäÈíØ,,,,,
types_crops,onions,11. Onions, ÇáÈÕá,,,,,
types_crops,leafy_greens,12. Leafy greens, ÇáÎÖÑ ÇáæÑŞíÉ,,,,,
types_crops,citrus_fruits,"13. Citrus fruits (lemons, oranges, etc.)", ËãÇÑ ÇáÍãÖíÇÊ (Çááíãæä¡ ÇáÈÑÊŞÇá¡ ÅáÎ),,,,,
types_crops,melons,14. Melons, ÇáÈØíÎ,,,,,
types_crops,dates,15. Dates,ÇáÊãæÑ,,,,,
types_crops,olives,16. Olives, ÒíÊæä,,,,,
types_crops,oil_seeds,17. Oil seeds, ÈĞæÑ ÇáÒíÊ,,,,,
types_crops,medicinal_aromatic_plants,18. Medicinal and aromatic plants, ÇáäÈÇÊÇÊ ÇáØÈíÉ æÇáÚØÑíÉ,,,,,
types_crops,fodder_crops,19. Fodder crops, ãÍÇÕíá ÇáÚáİ,,,,,
types_crops,cotton,20. Cotton, ÇáŞØä,,,,,
types_crops,other,Other (specify), ÛíÑ Ğáß (íÑÌì ÇáÊÍÏíÏ),,,,,
obtaining_cash_challenge_reasons,lack_work_opportunity,1. Lack of work opportunity,ŞáÉ İÑÕ ÇáÚãá,,,,,
obtaining_cash_challenge_reasons,salary_too_low,2. Salary or wages too low,ÇáÑÇÊÈ Ãæ ÇáÃÌæÑ ãäÎİÖÉ ÌÏÇ,,,,,
obtaining_cash_challenge_reasons,salary_not_regularly_paid,3. Salary or wages not regularly paid,ÇáÑÇÊÈ Ãæ ÇáÃÌæÑ áÇ ÊÏİÚ ÈÇäÊÙÇã,,,,,
obtaining_cash_challenge_reasons,unable_withdraw_frombanks,4. Unable to withdraw enough money from bank account,ÛíÑ ŞÇÏÑ Úáì ÓÍÈ ãÇ íßİí ãä ÇáãÇá ãä ÇáÍÓÇÈ ÇáãÕÑİí,,,,,
obtaining_cash_challenge_reasons,no_functioning_banks,5. No currently functioning banks/financial institutions in my area,áÇ ÊæÌÏ ÍÇáíÇ Èäæß / ãÄÓÓÇÊ ãÇáíÉ ÚÇãáÉ İí ãäØŞÊí,,,,,
obtaining_cash_challenge_reasons,other,Other (specify),ÛíÑåÇ (íÑÌì ÇáÊÍÏíÏ),,,,,
obtaining_cash_challenge_reasons,dk,Don't know,áÇ ÃÚÑİ,,,,,
obtaining_cash_challenge_reasons,dwta,Prefer not to answer,ÃİÖá ÚÏã ÇáÅÌÇÈÉ,,,,,
bank_withdrawal,yes,Yes,äÚã ,,,,,
bank_withdrawal,unable_withdraw_money,"2. No, unable to withdraw any money",áÇ ¡ ÛíÑ ŞÇÏÑ Úáì ÓÍÈ Ãí ÃãæÇá,,,,,
bank_withdrawal,didnot_attempt_withdraw_money,3. Did not attempt to withdraw any money,áã íÍÇæá ÓÍÈ Ãí ÃãæÇá,,,,,
bank_withdrawal,dont_have_bank_account,4. Do not have a bank account,áíÓ áÏí ÍÓÇÈ ÔÎÕí,,,,,
bank_withdrawal,dk,Don't know,áÇ ÃÚÑİ,,,,,
bank_withdrawal,dwta,Prefer not to answer,íİÖá ÚÏã ÇáÅÌÇÈÉ,,,,,
lasttime_able_withdraw_money,1_2_months_ago,1. 1-2 months ago,ãäĞ 1-2 ÃÔåÑ,,,,,
lasttime_able_withdraw_money,2_3_months_ago,2. 2-3 months ago,ãäĞ 2-3 ÃÔåÑ,,,,,
lasttime_able_withdraw_money,3_6_months_ago,3. 3-6 months ago,ãäĞ 3-6 ÃÔåÑ,,,,,
lasttime_able_withdraw_money,more_6months_ago,4. More than 6 months ago,ãäĞ ÃßËÑ ãä 6 ÃÔåÑ,,,,,
lasttime_able_withdraw_money,dk,Don't know,áÇ ÃÚÑİ,,,,,
lasttime_able_withdraw_money,dwta,Prefer not to answer,ÊİÖá ÚÏã ÇáÅÌÇÈÉ ,,,,,
hh_debt_primary_reason,accessing_food,1. Accessing food,ÇáæÕæá Åáì ÇáÛĞÇÁ,,,,,
hh_debt_primary_reason,paying_healthcare,2. Paying for healthcare,ÏİÚ ÊßÇáíİ ÇáÑÚÇíÉ ÇáÕÍíÉ,,,,,
hh_debt_primary_reason,paying_education,3. Paying for education,ÏİÚ Ëãä ÇáÊÚáíã,,,,,
hh_debt_primary_reason,paying_rent,4. Paying for rent,ÏİÚ ÇáÅíÌÇÑ,,,,,
hh_debt_primary_reason,paying_shelter_maintenance,5. Paying for shelter maintenance,ÏİÚ áÕíÇäÉ ÇáãÃæì,,,,,
hh_debt_primary_reason,paying_other_basic_needs,6. Paying for other basic needs,ÏİÚ ÇáÇÍÊíÇÌÇÊ ÇáÃÓÇÓíÉ ÇáÃÎÑì,,,,,
hh_debt_primary_reason,purchasing_productive_assets,7. Purchasing productive assets (for small business or income-generating activities),ÔÑÇÁ ÇáÃÕæá ÇáÅäÊÇÌíÉ (ááÃÚãÇá ÇáÊÌÇÑíÉ ÇáÕÛíÑÉ Ãæ ÇáÃäÔØÉ ÇáãÏÑÉ ááÏÎá),,,,,
hh_debt_primary_reason,purchasing_nonproductive_assets,8. Purchasing non-productive assets,ÔÑÇÁ ÇáÃÕæá ÛíÑ ÇáãäÊÌÉ,,,,,
hh_debt_primary_reason,paying_bride_price,9. Paying dowry/bride price,ÏİÚ ÇáãåÑ,,,,,
hh_debt_primary_reason,other,Other (specify), ÛíÑ Ğáß (íÑÌì ÇáÊÍÏíÏ),,,,,
hh_debt_primary_reason,dk,Don't know, áÇ ÃÚÑİ,,,,,
hh_debt_primary_reason,dwta,Prefer not to answer, áÇ ÃİÖá ÇáÇÌÇÈÉ,,,,,
hh_payment_modality,cash_lyd_modality,1. Cash (LYD),äŞÏÇ  (ÇáÏíäÇÑ ÇááíÈí),,,,,
hh_payment_modality,cash_non_lyd_modality,2. Cash (foreign/non-LYD),äŞÏÇ ÚãáÉ ÇÌäÈíÉ  /  ÛíÑ ÇáÏíäÇÑ ÇááíÈí),,,,,
hh_payment_modality,credit_debit_card_modality,3. Credit or debit card,ÈØÇŞÉ ÇáÇÆÊãÇä Ãæ ÇáÎÕã,,,,,
hh_payment_modality,prepaid_gift_card_modality,4. Prepaid or gift card,ÈØÇŞÉ ãÓÈŞÉ ÇáÏİÚ,,,,,
hh_payment_modality,vouchers_modality,5. Vouchers,ÇáŞÓÇÆã ÇáÔÑÇÆíÉ ,,,,,
hh_payment_modality,cheques_modality,6. Cheques ,ÇáÔíßÇÊ,,,,,
hh_payment_modality,bank_transfers_modality,7. Bank transfers,ÇáÊÍæíáÇÊ ÇáãÕÑİíÉ,,,,,
hh_payment_modality,mobile_money_modality,8. Mobile money,ÇáÏİÚ ÈæÇÓØÉ  ÇáåÇÊİ ÇáÌæÇá ,,,,,
hh_payment_modality,other,Other (specify),ÛíÑ Ğáß (íÑÌì ÇáÊÍÏíÏ),,,,,
travel_to_market,less_15min,1. Less than 15 minutes,ÃŞá ãä 15 ÏŞíŞÉ,,,,,
travel_to_market,between_15_29min,2. 15-29 minutes,15 Åáì 29 ÏŞíŞÉ,,,,,
travel_to_market,between_30_59min,3. 30-59 minutes,30 Åáì 59 ÏŞíŞÉ,,,,,
travel_to_market,between_1_2hours,4. 1-2 hours,ãä ÓÇÚÉ Åáì ÓÇÚÊíä,,,,,
travel_to_market,more_2hours,5. More than 2 hours,ÃßËÑ ãä ÓÇÚÊíä,,,,,
travel_to_market,dk,Don't know,áÇ ÃÚÑİ,,,,,
travel_to_market,dwta,Prefer not to answer,ÃİÖá ÚÏã ÇáÅÌÇÈÉ,,,,,
barriers_access_market,no_barriers_access_market,1. No barriers faced when accessing marketplace,áÇ ÊæÌÏ ÚæÇÆŞ ÊæÇÌå ÚäÏ ÇáæÕæá Åáì ÇáÓæŞ,,,,,
barriers_access_market,too_far_market,2. Live too far from marketplace / no means of transport,ÇáÚíÔ ÈÚíÏğÇ Úä ÇáÓæŞ / áÇ ÊæÌÏ æÓÇÆá äŞá,,,,,
barriers_access_market,transportation_too_expensive,3. Transportation too expensive,ÇáäŞá ãßáİ ááÛÇíÉ,,,,,
barriers_access_market,damage_marketplace,4. Damage to marketplace,ÃÖÑÇÑ  áÍŞÊ ÇáÓæŞ,,,,,
barriers_access_market,damahe_roads_tomarket,5. Damage to roads leading to marketplace,ÃÖÑÇÑ  áÍŞÊ ÈÇáØÑŞ ÇáãÄÏíÉ Åáì ÇáÓæŞ,,,,,
barriers_access_market,insecurity_travel_market,6. Insecurity travelling to and from marketplace,ÇäÚÏÇã ÇáÃãä ÚäÏ ÇáÓİÑ ãä æÅáì ÇáÓæŞ,,,,,
barriers_access_market,curfew_prevented_market,7. Curfew prevented access to market, ÍÖÑ ÇáÊÌæá ãäÚ ÇáæÕæá Åáì ÇáÓæŞ,,,,,
barriers_access_market,inconvinient_opening_hours,8. Marketplace never open at a time when we can visit,áÇ íİÊÍ ÇáÓæŞ ãØáŞğÇ İí æŞÊ íãßääÇ İíå ÇáÒíÇÑÉ,,,,,
barriers_access_market,presence_hazards,9. Presence of explosive hazards,æÌæÏ ãÎÇØÑ ÇáãÊİÌÑÇÊ,,,,,
barriers_access_market,other,Other (specify), ÛíÑ Ğáß (íÑÌì ÇáÊÍÏíÏ),,,,,
barriers_access_market,dk,Don't know, áÇ ÃÚÑİ,,,,,
barriers_access_market,dwta,Prefer not to answer, áÇ ÃİÖá ÇáÇÌÇÈÉ,,,,,
barriers_purchasing_items,no_barriers_purchasing_items,"1. No, no barrier faced when purchasing market items",áÇ¡ áÇ íæÇÌå Ãí ÍÇÌÒ ÚäÏ ÔÑÇÁ ÓáÚ ÇáÓæŞ,,,,,
barriers_purchasing_items,yes_items_too_expensive,"2. Yes, some items are too expensive",äÚã¡ ÈÚÖ ÇáãæÇÏ ÛÇáíÉ ÌÏÇ,,,,,
barriers_purchasing_items,yes_items_not_available,"3. Yes, some items are not available",äÚã¡ ÈÚÖ ÇáãæÇÏ ÛíÑ ãÊæİÑÉ,,,,,
barriers_purchasing_items,yes_no_means_of_payments,"4. Yes, we have no means of payment (e.g., not enough hard cash, vendors do not accept prepaid cards)",äÚã¡ áíÓÊ áÏíäÇ æÓÇÆá ááÏİÚ (Úáì ÓÈíá ÇáãËÇá¡ áÇ ÊæÌÏ ÃãæÇá äŞÏíÉ ßÇİíÉ¡ áÇ íŞÈá ÇáÈÇÆÚæä ÇáÈØÇŞÇÊ ÇáãÏİæÚÉ ãŞÏãğÇ),,,,,
barriers_purchasing_items,other,Other (specify), ÛíÑ Ğáß (íÑÌì ÇáÊÍÏíÏ),,,,,
barriers_purchasing_items,dk,Don't know,áÇ ÃÚÑİ,,,,,
barriers_purchasing_items,dwta,Prefer not to answer,ÃİÖá ÚÏã ÇáÅÌÇÈÉ,,,,,
expensive_unavailable_items_to_afford,fresh_vegetables_fruits,1. Food items: fresh vegetables/fruits,ÇáãæÇÏ ÇáÛĞÇÆíÉ: ÇáÎÖÑæÇÊ ÇáØÇÒÌÉ / ÇáİæÇßå,,,,,
expensive_unavailable_items_to_afford,fresh_fish_meat_eggs,2. Food items: fresh fish/meat/eggs,ÇáãæÇÏ ÇáÛĞÇÆíÉ: ÇáÃÓãÇß ÇáØÇÒÌÉ / ÇááÍæã / ÇáÈíÖ,,,,,
expensive_unavailable_items_to_afford,other_food_items,3. Food items: other,ÇáãæÇÏ ÇáÛĞÇÆíÉ: ÃÎÑì,,,,,
expensive_unavailable_items_to_afford,hygiene_items_woman,4. NFIs: Hygiene items for women,ÇáãæÇÏ ÛíÑ ÇáÛĞÇÆíÉ: ãÓÊáÒãÇÊ ÇáäÙÇİÉ ááäÓÇÁ,,,,,
expensive_unavailable_items_to_afford,hygiene_items_man,5. NFIs: Hygiene items for men,ÇáãæÇÏ ÛíÑ ÇáÛĞÇÆíÉ: ãÓÊáÒãÇÊ ÇáäÙÇİÉ ááÑÌÇá,,,,,
expensive_unavailable_items_to_afford,hh_items,6. NFIs: Household items,ÇáãæÇÏ ÛíÑ ÇáÛĞÇÆíÉ: ÇáÃÏæÇÊ ÇáãäÒáíÉ,,,,,
expensive_unavailable_items_to_afford,nfi_fuel,7. NFIs: Fuel,ÇáãæÇÏ ÛíÑ ÇáÛĞÇÆíÉ: ÇáæŞæÏ,,,,,
expensive_unavailable_items_to_afford,water,8. Water,ÇáãÇÁ,,,,,
expensive_unavailable_items_to_afford,medecine_health_related_items,9. Medicine or health-related items,ÇáØÈ Ãæ ÇáÈäæÏ ĞÇÊ ÇáÕáÉ ÈÇáÕÍÉ,,,,,
expensive_unavailable_items_to_afford,other,Other (specify), ÛíÑ Ğáß (íÑÌì ÇáÊÍÏíÏ),,,,,
financial_service_providers,banks,1. Banks,ÇáÈäæß,,,,,
financial_service_providers,hawala,2. Hawala,ÇáÍæÇáÉ,,,,,
financial_service_providers,local_business_financial_service_provider,"3. Financial services provided by local businesses (e.g., petrol stations)",ÇáÎÏãÇÊ ÇáãÇáíÉ ÇáÊí ÊŞÏãåÇ ÇáÔÑßÇÊ ÇáãÍáíÉ (ãËá ãÍØÇÊ ÇáÈäÒíä¡ ÈÚÖ ÇáãÍáÇÊ¡ ÇáÎ),,,,,
financial_service_providers,member_community_financial_service_provider,4. Financial services provided by members of the community,ÇáÎÏãÇÊ ÇáãÇáíÉ ÇáÊí íŞÏãåÇ ÃİÑÇÏ ÇáãÌÊãÚ,,,,,
financial_service_providers,other,Other (specify),ÛíÑ Ğáß (íÑÌì ÇáÊÍÏíÏ),,,,,
financial_service_providers,dk,Don't know,áÇ ÃÚÑİ,,,,,
financial_service_providers,dwta,Prefer not to answer,ÃİÖá ÚÏã ÇáÅÌÇÈÉ,,,,,
cash_coping,coping_strategy_not_available_tome,Not applicable/This coping strategy is not available to me,ÛíÑ ŞÇÈá ááÊØÈíŞ / ÅÓÊÑÇÊíÌíÉ ÇáÊÃŞáã åĞå ÛíÑ ãÊÇÍÉ áí,,,,,
cash_coping,yes,Yes,äÚã,,,,,
cash_coping,noneed_to_use_this_coping_strategy,"No, had no need to use this coping strategy",áÇ ¡ áã Êßä ÈÍÇÌÉ Åáì ÇÓÊÎÏÇã ÇÓÊÑÇÊíÌíÉ ÇáÊÃŞáã åĞå,,,,,
cash_coping,already_exhausted_this_coping_strategy,"No, have already exhausted this coping strategy and cannot use it again",áÇ¡ áŞÏ ÇÓÊäİÏÊ ÈÇáİÚá ÇÓÊÑÇÊíÌíÉ ÇáÊÃŞáã åĞå æáÇ íãßä ÇÓÊÎÏÇãåÇ ãÑÉ ÃÎÑì,,,,,
using_cash_coping_mechanism_reasons,cash_coping_to_access_food,1. Accessing food,ÇáæÕæá Åáì ÇáÛĞÇÁ,,,,,
using_cash_coping_mechanism_reasons,cash_coping_to_pay_healthcare,2. Paying for healthcare,ÏİÚ ãŞÇÈá ÇáÑÚÇíÉ ÇáÕÍíÉ,,,,,
using_cash_coping_mechanism_reasons,cash_coping_to_pay_education,3. Paying for education,ÏİÚ ãŞÇÈá ÇáÊÚáíã,,,,,
using_cash_coping_mechanism_reasons,cash_coping_to_pay_shelter,4. Paying for shelter,ÏİÚ Ëãä ÇáãÓßä,,,,,
using_cash_coping_mechanism_reasons,cash_coping_to_pay_other_basics,5. Paying for other basic needs,ÏİÚ ãŞÇÈá ÇáÇÍÊíÇÌÇÊ ÇáÃÓÇÓíÉ ÇáÃÎÑì,,,,,
using_cash_coping_mechanism_reasons,other,Other (specify),ÛíÑ Ğáß (íÑÌì ÇáÊÍÏíÏ),,,,,
shelter_type,apartment,1. Apartment,ÔŞÉ,,,,,
shelter_type,house,2. House,ÈíÊ,,,,,
shelter_type,unfinished_rooms,3. Unfinished room(s),ÛÑİÉ (ÛÑİ) ÛíÑ ãßÊãáÉ,,,,,
shelter_type,public_building_not_used_for_shelter,"4. Public building not usually used for shelter (school, mosque, etc.)",ÇáÃãÇßä ÇáÚÇãÉ ÇáÊí áÇ ÊÓÊÎÏã ÚÇÏÉ ááãÃæì (ÇáãÏÑÓÉ¡ ÇáãÓÌÏ¡ ÅáÎ),,,,,
shelter_type,private_building_not_used_for_shelter,"5. Private building not usually used for shelter (basement, garage, store, warehouse, work site, etc.)",ÇáÃãÇßä ÇáÎÇÕÉ ÇáÊí áÇ ÊÓÊÎÏã ÚÇÏÉ ááãÃæì (ÇáŞÈæ¡ ÇáãÑÂÈ¡ ãÊÌÑ¡ ãÓÊæÏÚ¡ ãæŞÚ ÇáÚãá¡ ÇáÎ),,,,,
shelter_type,tent_caravan,6. Tent or caravan,ÎíãÉ Ãæ ãäÒá ãÊäŞá (ßÇÑÇİÇä),,,,,
shelter_type,temporary_shelter_ngos,7. Temporary shelter provided by INGO or local NGO,ãÃæì ãÄŞÊ ãŞÏã ãä ãäÙãÉ ÛíÑ ÍßæãíÉ ÏæáíÉ Ãæ ãÍáíÉ,,,,,
shelter_type,connection_house,8. Connection house,ãáÍŞ ÎÇÕ ÈÇáãäÒá,,,,,
shelter_type,hotel,9. Hotel,ÇáİäÏŞ,,,,,
shelter_type,camp_informal_settlement,10. Camp or informal settlement for displaced persons, ãÎíã Ãæ ãÎíã ÛíÑ ÑÓãí ááäÇÒÍíä,,,,,
shelter_type,other,Other (specify), ÛíÑ Ğáß (íÑÌì ÇáÊÍÏíÏ),,,,,
shelter_type,dwta,Prefer not to answer, áÇ ÃİÖá ÇáÇÌÇÈÉ,,,,,
occupancy_status,ownership,1. Ownership ,ãáß,,,,,
occupancy_status,rental_written_contract,2. Rental (with written contract),ÇíÌÇÑ (ãÚ ÚŞÏ ãßÊæÈ),,,,,
occupancy_status,rental_verbal_agreement,3. Rental (with verbal agreement),ÇíÌÇÑ  (ÈÇÊİÇŞ Ôİåí),,,,,
occupancy_status,hosted_free,4. Being hosted for free,ÊãÊ ÇÓÊÖÇİÊß ãÌÇäÇ,,,,,
occupancy_status,squatting,5. Squatting (without consent of owner),ÇáÇÓÊŞØÇä (Ïæä ãæÇİŞÉ ÇáãÇáß),,,,,
occupancy_status,housing_provided_public_authority,6. Housing provided by public authority,ÇáÓßä ÇáãŞÏã ãä ŞÈá ÇáÓáØÉ ÇáÚÇãÉ,,,,,
occupancy_status,housing_provided_employer,7. Housing provided by employer,ÇáÓßä ÇáãŞÏã ãä ÕÇÍÈ ÇáÚãá,,,,,
occupancy_status,other,Other (specify),ÛíÑ Ğáß (íÑÌì ÇáÊÍÏíÏ),,,,,
occupancy_status,dk,Don't know,áÇ ÃÚÑİ,,,,,
occupancy_status,dwta,Prefer not to answer, ÃİÖá ÚÏã ÇáÇÌÇÈÉ,,,,,
change_rental,increased,1. Increased,ÒÇÏ,,,,,
change_rental,decreased,2. Decreased,ÇäÎİÖ,,,,,
change_rental,no_change,3. No change,áã íÊÛíÑ,,,,,
change_rental,dk,Don't know,áÇ ÃÚÑİ,,,,,
change_rental,dwta,Prefer not to answer,ÃİÖá ÚÏã ÇáÅÌÇÈÉ,,,,,
hosted_free_by,hosted_by_family,1. Family,ÇáÚÇÆáÉ,,,,,
hosted_free_by,hosted_by_friends,2. Friends,ÇáÃÕÏŞÇÁ,,,,,
hosted_free_by,other,Other (specify),ÃÎÑì (íÑÌì ÇáÊÍÏíÏ),,,,,
hosted_free_by,dwta,Prefer not to answer,ÃİÖá ÚÏã ÇáÅÌÇÈÉ,,,,,
damage_type,no_negligible_damage,1. No damage / negligible damage,áÇ ÖÑÑ / ÖÑÑ ÖÆíá,,,,,
damage_type,light_damage,"2. Light damage (repairs needed, but shelter is livable)",ÃÖÑÇÑ ØİíİÉ (ÇáÅÕáÇÍÇÊ ÇááÇÒãÉ¡ æáßä ÇáãÃæì ÕÇáÍ ááÚíÔ),,,,minor_damages.jpg,minor_damages.jpg
damage_type,medium_damage,3. Medium damage,ÇáÖÑÑ ãÊæÓØ,,,,moderate_damages.jpg,moderate_damages.jpg
damage_type,heavy_damage,4. Heavy damage (shelter is not livable without repairs),ÃÖÑÇÑ ÌÓíãÉ (ÇáãÓßä ÛíÑ ÕÇáÍ ááÚíÔ Ïæä ÅÕáÇÍÇÊ),,,,severe_damages.jpg,severe_damages.jpg
damage_type,shelter_destroyed,5. Destroyed (shelter needs to be reconstructed),ÏãÑ (íÍÊÇÌ ÇáãÓßä Åáì ÅÚÇÏÉ ÈäÇÆå),,,,,
ownership_documents,do_not_own_property,"1. We do not own a house, land or property",äÍä áÇ äãáß ãäÒáğÇ Ãæ ÃÑÖğÇ Ãæ ããÊáßÇÊ ,,,,,
ownership_documents,never_obtained_ownership_docs,2. We never obtained ownership documents,áã äÍÕá ãØáŞğÇ Úáì ãÓÊäÏÇÊ ÇáãáßíÉ,,,,,
ownership_documents,physically_withme,3. Physically with me,ÇÍãáåÇ ãÚí,,,,,
ownership_documents,not_with_me_secure_place,4. Not with me but in a secure place,áíÓ ãÚí æáßä İí ãßÇä Âãä,,,,,
ownership_documents,docs_lost,5. Lost,ãİŞæÏÉ,,,,,
ownership_documents,docs_stolen_confiscated,6. Stolen or confiscated,ãÓÑæŞÉ Ãæ ãÕÇÏÑÉ,,,,,
ownership_documents,dk,Don't know,áÇ ÃÚÑİ,,,,,
ownership_documents,dwta,Prefer not to answer,ÃİÖá ÚÏã ÇáÅÌÇÈÉ,,,,,
eviction_threat,yes_threatened_with_eviction,"1. Yes, have been threatened with eviction",äÚã¡ Êã ÊåÏíÏí ÈÇáÅÎáÇÁ,,,,,
eviction_threat,yes_recently_evicted,"2. Yes, have been recently evicted",äÚã¡ Êã ÅÎáÇÁäÇ ãÄÎÑğÇ,,,,,
eviction_threat,no_eviction_threat,3. No,áÇ,,,,,
eviction_threat,dk,Don't know,áÇ ÃÚÑİ,,,,,
eviction_threat,dwta,Prefer not to answer,ÃİÖá ÚÏã ÇáÅÌÇÈÉ,,,,,
eviction_shelter_reasons,forced_eviction,"1. Forced eviction, i.e. from armed group pressure or land-grabbing",ÇáÅÎáÇÁ ÇáŞÓÑí¡ Ãí ãä ÖÛØ ÇáÌãÇÚÇÊ ÇáãÓáÍÉ Ãæ ÇáÇÓÊíáÇÁ Úáì ÇáÃÑÇÖí,,,,,
eviction_shelter_reasons,land_acquisitions,2. Land acquisitions,ÇáÇÓÊÍæÇĞ Úáì ÇáÃÑÇÖí,,,,,
eviction_shelter_reasons,clearance_camp_public_space_authorities,3. Clearance of camp/public space by authorities,ÇÒÇáÉ ÇáãÎíãÇÊ / ÇáÃãÇßä ÇáÚÇãÉ ãä ŞÈá ÇáÓáØÇÊ,,,,,
eviction_shelter_reasons,discrimination_ethnicity_tribe,4. Discrimination based on ethnicity/tribe,ÇáÊãííÒ Úáì ÃÓÇÓ ÇáÚÑŞ / ÇáŞÈíáÉ,,,,,
eviction_shelter_reasons,cannot_afford_rent,5. Cannot afford rent,áÇ íãßä ÊÍãá ÇáÅíÌÇÑ,,,,,
eviction_shelter_reasons,no_docs_prove_ownership,6. No documentation to prove legal ownership,áÇ ÊæÌÏ æËÇÆŞ ÊËÈÊ ÇáãáßíÉ ÇáŞÇäæäíÉ,,,,,
eviction_shelter_reasons,punitive_measures_retaliatory_actions,"7. Punitive measures or retaliatory ""law and order"" actions","ÇáÅÌÑÇÁÇÊ ÇáÚŞÇÈíÉ Ãæ ÇáÃÚãÇá ÇáÇäÊŞÇãíÉ ""ÇáŞÇäæä æÇáäÙÇã""",,,,,
eviction_shelter_reasons,authorities_requested_hh_leave,8. Authorities requested our household to leave ,ØáÈÊ ÇáÓáØÇÊ ãä ÚÇÆáÊäÇ ÇáãÛÇÏÑÉ,,,,,
eviction_shelter_reasons,host_family_nolonger_unable_tohost,9. Host family no longer able to host our family,ÇáÚÇÆáÉ ÇáãÖíİÉ áã ÊÚÏ ŞÇÏÑÉ Úáì ÇÓÊÖÇİÉ ÚÇÆáÊäÇ,,,,,
eviction_shelter_reasons,request_vacate_from_owner,10. Request to vacate from owner of buidling/land, ØáÈ ÇáÅÎáÇÁ ãä ãÇáß ÇáãÈäì / ÇáÃÑÖ,,,,,
eviction_shelter_reasons,other,Other (specify), ÃÎÑì (íÑÌì ÇáÊÍÏíÏ),,,,,
hh_basic_items,hh_doesnt_own_it,1. My household does not own this object,ÚÇÆáÊí áÇ Êãáß åĞÇ ÇáÛÑÖ,,,,,
hh_basic_items,hh_owns_it_need_more,2. My household owns this but needs another / more,ÊãÊáß ÃÓÑÊí åĞÇ æáßäåÇ ÊÍÊÇÌ Åáì ÃÎÑì / ÃßËÑ,,,,,
hh_basic_items,hh_owns_enough,3. My household owns enough of this and does not need more, ÚÇÆáÊí ÊãÊáß ãÇ íßİí ãä åĞÇ æáÇ ÊÍÊÇÌ Åáì ÇáãÒíÏ,,,,,
hh_basic_items,other,Other (specify),ÃÎÑì (íÑÌì ÇáÊÍÏíÏ),,,,,
hh_basic_items,dk,Don't know,áÇ ÃÚÑİ,,,,,
hh_basic_items,dwta,Prefer not to answer,ÃİÖá ÚÏã ÇáÅÌÇÈÉ,,,,,
hh_basic_items,hh_doesnt_need_it,My household does not need this object,,,,,,
electricity_source,government_grid,1. Public network connected to shelter (government grid),ÔÈßÉ ÚÇãÉ ãÊÕáÉ ÈÇáãÓßä (ÔÈßÉ ÍßæãíÉ),,,,,
electricity_source,generator,2. Generator,ãæáÏ,,,,,
electricity_source,no_source_electricity_shelter,3. No source of electricity in shelter,áÇ íæÌÏ ãÕÏÑ ááßåÑÈÇÁ İí ÇáãÓßä,,,,,
electricity_source,other,Other (specify),ÃÎÑì (íÑÌì ÇáÊÍÏíÏ),,,,,
electricity_source,dk,Don't know,áÇ ÃÚÑİ,,,,,
electricity_source,dwta,Prefer not to answer,ÃİÖá ÚÏã ÇáÅÌÇÈÉ,,,,,
phone_network_coverage,coverage_exists_reliable,"1. Yes, mobile network coverage exists and is reliable at this dwelling.", äÚã ¡ ÊæÌÏ ÊÛØíÉ áÔÈßÉ ÇáåÇÊİ ÇáãÍãæá æåí ÌíÏÉ İí åĞå ÇáãÓßä.,,,,,
phone_network_coverage,coverage_exists_not_reliable,"2. No, mobile network coverage exists but is not reliable at this dwelling. ",áÇ¡ ÊæÌÏ ÊÛØíÉ áÔÈßÉ ÇáåÇÊİ ÇáãÍãæá æáßäåÇ ÛíÑ ÌíÏÉ İí åĞå ÇáãÓßä.,,,,,
phone_network_coverage,coverage_doesnt_exist,"3. No, mobile network coverage does not exist at this dwelling.",áÇ ¡ ÊÛØíÉ ÔÈßÉ ÇáåÇÊİ ÇáãÍãæá ÛíÑ ãæÌæÏÉ İí åĞå ÇáãÓßä.,,,,,
phone_network_coverage,dk,Don't know,áÇ ÃÚÑİ,,,,,
issues_faced_attending_school,no_issue_faced_attending_school,1. No issues faced by children in the household when attending school,áÇ ÊæÌÏ ãÔÇßá ÊæÇÌå ÇáÃØİÇá İí ÇáÃÓÑÉ ÚäÏ ÇáĞåÇÈ Åáì ÇáãÏÑÓÉ,,,,,
issues_faced_attending_school,lack_functioning_latrines,2. Lack of functioning latrines,ÚÏã æÌæÏ ãÑÇÍíÖ ÔÛÇáÉ,,,,,
issues_faced_attending_school,lack_seperate_safe_toilets,3. Lack of separate and safe toilets for boys and girls,ÚÏã æÌæÏ ãÑÇÍíÖ ãäİÕáÉ æÂãäÉ ááİÊíÇä æÇáİÊíÇÊ,,,,,
issues_faced_attending_school,lack_clean_water,4. Lack of clean water,äŞÕ ÇáãíÇå ÇáäÙíİÉ,,,,,
issues_faced_attending_school,lack_accessibility_disabled,5. Lack of accessibility for students living with disabilities,ÚÏã ÊæİÑ ÅãßÇäíÉ ÇáæÕæá ááØáÇÈ ÇáĞíä íÚÇäæä ãä ÅÚÇŞÇÊ,,,,,
issues_faced_attending_school,overcrowding_class,6. Overcrowding,ÇáÇßÊÙÇÙ,,,,,
issues_faced_attending_school,poor_quality_teachers,7. Poor quality of teachers,ÖÚİ İí ßİÇÁÉ,,,,,
issues_faced_attending_school,violence_from_teacher,8. Violence from teachers (excluding sexual violence or harassment),ÇáÚäİ ãä ŞÈá ÇáãÚáãíä (ÈÇÓÊËäÇÁ ÇáÚäİ ÇáÌäÓí Ãæ ÇáÊÍÑÔ),,,,,
issues_faced_attending_school,violence_from_students,9. Bullying/violence from other students (excluding sexual violence or harassment),ÇáÈáØÌÉ / ÇáÚäİ ãä ÇáØáÇÈ ÇáÂÎÑíä (ÈÇÓÊËäÇÁ ÇáÚäİ ÇáÌäÓí Ãæ ÇáÊÍÑÔ),,,,,
issues_faced_attending_school,sexual_violence_harassment,10. Sexual violence or harassment,ÇáÚäİ ÇáÌäÓí Ãæ ÇáãÖÇíŞÉ,,,,,
issues_faced_attending_school,discrimination_school,11. Discrimination, ÇáÊãííÒ,,,,,
issues_faced_attending_school,attempted_recruitment_armed_actors,12. Attempted recruitment by armed actors, ãÍÇæáÉ ÇáÊÌäíÏ ãä ŞÈá ÇáÌåÇÊ ÇáİÇÚáÉ ÇáãÓáÍÉ,,,,,
issues_faced_attending_school,school_building_conversion_other_purpose,"13. School building conversion into other purposes (displaced accommodation, military barracks, etc.)", ÊÍæíá ãÈäì ÇáãÏÑÓÉ Åáì ÃÛÑÇÖ ÃÎÑì (Óßä ÇáäÇÒÍíä¡ æÇáËßäÇÊ ÇáÚÓßÑíÉ¡ æãÇ Åáì Ğáß),,,,,
issues_faced_attending_school,other,Other (specify), ÛíÑ Ğáß (íÑÌì ÇáÊÍÏíÏ),,,,,
issues_faced_attending_school,dk,Don't know, áÇ ÃÚÑİ,,,,,
issues_faced_attending_school,dwta,Prefer not to answer, ÃİÖá ÚÏã ÇáÇÌÇÈÉ,,,,,
not_attending_school_since,less_1month,1. Less than 1 month,ÃŞá ãä ÔåÑ æÇÍÏ,,,,,
not_attending_school_since,between_1_3months,2. 1-3 months,ãä ÔåÑ Çáì 3 ÃÔåÑ,,,,,
not_attending_school_since,between_4_6months,3. 4-6 months,ãä 4 ÃÔåÑ Åáì 6 ÃÔåÑ,,,,,
not_attending_school_since,more_than_6months,4. More than 6 months,ÃßËÑ ãä 6 ÃÔåÑ,,,,,
not_attending_school_since,2018_2019schoolyear,5. Entire 2018-2019 school year ,ßÇãá 2018-2019 ÇáÚÇã ÇáÏÑÇÓí,,,,,
not_attending_school_since,dk,Don't know,áÇ ÃÚÑİ,,,,,
not_attending_school_since,dwta,Prefer not to answer,ÃİÖá ÚÏã ÇáÅÌÇÈÉ,,,,,
droppedout_school_reasons,school_infrastructure_used_other_purpose,"1. Problems with school infrastructure, or school is used for other purpose",ãÔÇßá İí ÇáÈäíÉ ÇáÊÍÊíÉ ááãÏÑÓÉ¡ Ãæ ÅÓÊÎÏÇã ÇáãÏÑÓÉ  áÛÑÖ ÂÎÑ,,,,,
droppedout_school_reasons,means_transportations_materials_food,"2. Problems with means, transport, materials, or food",ãÔÇßá İí æÓÇÆá ÇáäŞá¡ ÇáãæÇÏ¡ Ãæ ÇáØÚÇã,,,,,
droppedout_school_reasons,quality_curriculum_capacity,"3. Problems with quality, curriculum, or capacity",ãÔÇßá İí ÇáÌæÏÉ Ãæ ÇáãäÇåÌ Ãæ ÇáŞÏÑÇÊ,,,,,
droppedout_school_reasons,safety_security_school,4. Problems with safety and security,ãÔÇßá ãÚ ÇáÓáÇãÉ æÇáÃãä,,,,,
droppedout_school_reasons,child_health_marriage_labour,"5. Problems with child's health or behavior, lack of documentation, child marriage or pregnancy, discrimination, or the need for the child to work at home or for a salary",ãÔÇßá İí ÕÍÉ ÇáØİá Ãæ Óáæßå¡ Ãæ äŞÕ ÇáæËÇÆŞ¡ Ãæ ÒæÇÌ ÇáÃØİÇá Ãæ ÇáÍãá¡ Ãæ ÇáÊãííÒ¡ Ãæ ÍÇÌÉ ÇáØİá Åáì ÇáÚãá İí ÇáãäÒá Ãæ ááÍÕæá Úáì ÑÇÊÈ,,,,,
droppedout_school_reasons,other,Other (specify),ÛíÑ Ğáß (íÑÌì ÇáÊÍÏíÏ),,,,,
droppedout_school_reasons,dk,Don't know,áÇ ÃÚÑİ,,,,,
droppedout_school_reasons,dwta,Prefer not to answer,ÃİÖá ÚÏã ÇáÅÌÇÈÉ,,,,,
school_infrastructure_problems,lack_basic_amenities_school,"1. Lack of basic amenities at school (potable water, heat, electricity)",ÇáÇİÊŞÇÑ Åáì ÇáãÑÇİŞ ÇáÃÓÇÓíÉ İí ÇáãÏÑÓÉ (ãíÇå ÇáÔÑÈ æÇáÊÏİÆÉ æÇáßåÑÈÇÁ),,,,,
school_infrastructure_problems,lack_infrastructure,2. Lack of infrastructure (school buildings or classrooms) to accommodate all children,äŞÕ İí ÇáÈäíÉ ÇáÊÍÊíÉ (ÇáãÈÇäí ÇáãÏÑÓíÉ Ãæ ÇáİÕæá ÇáÏÑÇÓíÉ) áÇÓÊíÚÇÈ ÌãíÚ ÇáÃØİÇá,,,,,
school_infrastructure_problems,lack_latrines_bygender,3. Lack of latrines separated by sex,İŞÏÇä ÇáãÑÇÍíÖ ÇáãİÕæáÉ ÍÓÈ ÇáÌäÓ,,,,,
school_infrastructure_problems,overcrowding_schools,4. Local schools overcrowded/lack of space in local schools,ÇáãÏÇÑÓ ÇáãÍáíÉ ãßÊÙÉ / äŞÕ ÇáãÓÇÍÉ İí ÇáãÏÇÑÓ ÇáãÍáíÉ,,,,,
school_infrastructure_problems,school_used_other_purposes,5. School is used for other purpose,ÅÓÊÎÏÇã ÇáãÏÑÓÉ áÃÛÑÇÖ ÃÎÑì,,,,,
school_means_transportation_problems,distance_transport_constraint,1. Distance or transport constraint,ãÔÇßÜÜá ÇáäŞÜÜá Ãæ ÇáãÓÇİÉ,,,,,
school_means_transportation_problems,school_fees_costs,2. School fees or costs,ÇáÑÓæã ÇáãÏÑÓíÉ Ãæ ÇáÊßÇáíİ,,,,,
school_means_transportation_problems,lack_teaching_learning_materials,3. Lack of teaching and learning materials or supplies,ÚÏã æÌæÏ ãæÇÏ ãÏÑÓíÉ Ãæ ãæÇÏ ÊÚáíãíÉ,,,,,
school_means_transportation_problems,lack_foods,4. Lack of food,äŞÕ ÇáÛĞÇÁ,,,,,
school_quality_curriculum_problems,language,1. Language,ÇááÛÉ,,,,,
school_quality_curriculum_problems,school_level_unavailable,"2. One or more school level is not available (pre-primary, primary, secondary, tertiary).",ãÓÊæì æÇÍÏ Ãæ ÃßËÑ ãä ÇáãÏÇÑÓ ÛíÑ ãÊÇÍ (ÊãåíÏí¡ ÇÓÇÓí¡ ÇáËÇäæí¡ ÇáÚÇáí).,,,,,
school_quality_curriculum_problems,lack_teachers,3. Lack of teachers,äŞÕ ÇáãÚáãíä,,,,,
school_quality_curriculum_problems,poor_quality_teaching,4. Poor quality of teaching,ÖÚİ ÌæÏÉ ÇáÊÏÑíÓ,,,,,
school_quality_curriculum_problems,education_not_seen_useful,5. Education is not seen as useful,áÇ íÚÊÈÑ ÇáÊÚáíã ãİíÏğÇ,,,,,
school_quality_curriculum_problems,classes_not_culturaly_age_appropriate,6. What is taught is not culturally or age appropriate,ãÇ íÊã ÊÏÑíÓå áíÓ ãäÇÓÈÇğ ãä ÇáäÇÍíÉ ÇáËŞÇİíÉ Ãæ ÇáÚãÑíÉ,,,,,
school_safety_security_problems,insecurity_toschool,1. Insecurity on the way to school or in the area (real or perceived),ÇäÚÏÇã ÇáÃãä İí ÇáØÑíŞ Åáì ÇáãÏÑÓÉ Ãæ İí ÇáãäØŞÉ (ÍŞíŞíÉ Ãæ ãÊÕæÑÉ),,,,,
school_safety_security_problems,child_joined_armed_groups,2. The child joined an armed group or military.,ÇäÖã ÇáØİá Åáì ÌãÇÚÉ ãÓáÍÉ Ãæ ÚÓßÑíÉ.,,,,,
school_safety_security_problems,violence_school,3. Violence at school,ÇáÚäİ İí ÇáãÏÑÓÉ,,,,,
school_safety_security_problems,dispalced_by_conflict,4. Displaced by conflict,ÇáäÇÒÍæä ÈÓÈÈ ÇáäÒÇÚ,,,,,
school_safety_security_problems,displaced_natural_disaster,5. Displaced by natural disaster,ÇáäÇÒÍæä ÈÓÈÈ ÇáßæÇÑË ÇáØÈíÚíÉ,,,,,
school_child_vulnerabilities_problems,child_prolonged_illness,1. The child has a prolonged illness.,ÇáØİá íÚÇäí ãä ãÑÖ Øæíá.,,,,,
school_child_vulnerabilities_problems,child_disability_issues,2. The child has a disability (access issue).,ÇáØİá áÏíå ÅÚÇŞÉ (ãÔßáÉ ÇáæÕæá).,,,,,
school_child_vulnerabilities_problems,child_on_the_move,3. The child has been displaced,ÇáØİá äÒÍ.,,,,,
school_child_vulnerabilities_problems,lack_doc_school,4. Lack of documentation,äŞÕ ÇáæËÇÆŞ,,,,,
school_child_vulnerabilities_problems,child_marriage_school,5. Child marriage,ÒæÇÌ ÇáØİá,,,,,
school_child_vulnerabilities_problems,social_discrimination_school,"6. Social discrimination (due to ethnicity, religion, poverty, gender, health, disability, or other)",ÇáÊãííÒ ÇáÇÌÊãÇÚí (ÈÓÈÈ ÇáÚÑŞ Ãæ ÇáÏíä Ãæ ÇáİŞÑ Ãæ ÇáÌäÓ Ãæ ÇáÕÍÉ Ãæ ÇáÅÚÇŞÉ Ãæ ÛíÑ Ğáß),,,,,
school_child_vulnerabilities_problems,suspended_expelled,7. Suspended or expelled for performance or behaviour issues,Êã ÊæŞíİå Ãæ ØÑÏå ÈÓÈÈ ãÔÇßá İí ÇáÃÏÇÁ Ãæ ÇáÓáæß,,,,,
school_child_vulnerabilities_problems,child_pregnant_has_child,"8. The child is pregnant, lactating, or has a child of her own.",ÇáØİáÉ ÍÇãá Ãæ ãÑÖÚÉ Ãæ áÏíåÇ Øİá .,,,,,
school_child_vulnerabilities_problems,child_busy_chores,9. The child is busy with chores.,ÇáØİá ãÔÛæá ÈÇáÃÚãÇá ÇáãäÒáíÉ.,,,,,
school_child_vulnerabilities_problems,child_works,10. The child works., ÇáØİá íÚãá.,,,,,
school_reenrollment_problems,didnt_attempt_reenroll,"1. No, have not attempted to re-enroll",áÇ¡ áã ÇÍÇæá ÅÚÇÏÉ ÇáÊÓÌíá,,,,,
school_reenrollment_problems,lack_necessary_docs,"2. Yes, lack necessary documentation",äÚã¡ ÇİÊŞÑ Åáì ÇáæËÇÆŞ ÇááÇÒãÉ,,,,,
school_reenrollment_problems,missed_enrollment_period,"3. Yes, missed enrollment period due to displacement",äÚã¡ ÛÇÈ Úä İÊÑÉ ÇáÊÓÌíá ÈÓÈÈ ÇáäÒæÍ,,,,,
school_reenrollment_problems,other,Other (specify),äÚã¡ ÛíÑ Ğáß (íÑÌì ÇáÊÍÏíÏ),,,,,
school_reenrollment_problems,dk,Don't know,áÇ ÃÚÑİ,,,,,
school_reenrollment_problems,dwta,Prefer not to answer,ÃİÖá ÚÏã ÇáÅÌÇÈÉ,,,,,
nonformal_education,no,No,áÇ,,,,,
nonformal_education,yes_nonformal_classes_byschool,"2. Yes, non-formal education classes provided by a public school ",äÚã¡ ÏÑæÓ ÇáÊŞæíÉ ÇáÊí ÊŞÏãåÇ ÇáãÏÑÓÉ ÇáÍßæãíÉ,,,,,
nonformal_education,yes_nonformal_classes_bycommunity,"3. Yes, non-formal education classes provided by the community",äÚã¡ ÏÑæÓ ÇáÊŞæíÉ ÇáÊí íŞÏãåÇ ÇáãÌÊãÚ,,,,,
nonformal_education,yes_nonformal_privatebusiness,"4. Yes, non-formal education classes provided by private-sector businesses", äÚã¡ ÏÑæÓ ÇáÊŞæíÉ ÇáÊí ÊŞÏãåÇ ÇãÇßä ÎÇÕÉ ÈãŞÇÈá,,,,,
nonformal_education,yes_selflearning,"5. Yes, self-learning or homeschooling",äÚã¡ ÇáÊÚáã ÇáĞÇÊí Ãæ ÇáÊÚáíã ÇáãäÒáí,,,,,
nonformal_education,yes_assistance_ngos,"6. Yes, assistance from NGOs or other outside actors",äÚã¡ ÇáãÓÇÚÏÉ ãä ÇáãäÙãÇÊ ÛíÑ ÇáÍßæãíÉ Ãæ ÇáÌåÇÊ ÇáİÇÚáÉ ÇáÎÇÑÌíÉ ÇáÃÎÑì,,,,,
nonformal_education,other,Other (specify),äÚã¡ ÛíÑ Ğáß (íÑÌì ÇáÊÍÏíÏ),,,,,
nonformal_education,dk,Don't know,áÇ ÃÚÑİ,,,,,
nonformal_education,dwta,Prefer not to answer,ÃİÖá ÚÏã ÇáÅÌÇÈÉ,,,,,
water_sources,public_network,1. Public network (connected to the shelter),ÔÈßÉ ÚÇãÉ (ãÊÕáÉ ÈÇáãÓßä),,,,,
water_sources,bottled_water,2. Bottled water,ÇáãíÇå ÇáãÚÈÃÉ İí ÒÌÇÌÇÊ,,,,,
water_sources,water_trucking,3. Water trucking,ÇáäŞá ÈÇáÔÇÍäÇÊ ÇáãíÇå,,,,,
water_sources,public_tap,4. Tap accessible to the public  ,ÕäÈæÑ ãíÇå Úãæãí,,,,,
water_sources,protected_well,"5. Protected well (e.g., in your house or in the mosque)",ÆÑ ãÍãíÉ (Úáì ÓÈíá ÇáãËÇá¡ İí ãäÒáß Ãæ İí ÇáãÓÌÏ),,,,,
water_sources,unprotected_well,6. Unprotected well,ÈÆÑ ÛíÑ ãÍãí,,,,,
water_sources,surface_water,"7. Surface water (lakes, ponds, rivers, etc.)",ÇáãíÇå ÇáÓØÍíÉ (ÇáÈÍíÑÇÊ æÇáÈÑß æÇáÃäåÇÑ¡ æãÇ Åáì Ğáß),,,,,
water_sources,rainwater,8. Rainwater,ãíÇå ÇáÃãØÇÑ,,,,,
water_sources,other,Other (specify),ÛíÑåÇ (íÑÌì ÇáÊÍÏíÏ),,,,,
water_sources,dk,Don't know, áÇ ÃÚÑİ,,,,,
water_sources,dwta,Prefer not to answer, ÃİÖá ÚÏã ÇáÅÌÇÈÉ,,,,,
distance_drinkingwater,upto_100m,1. Up to 100m,íÕá Åáì 100 ãÊÑ,,,,,
distance_drinkingwater,between_101_200m,2. 101-200m,ãä 101 Åáì 200 ãÊÑ,,,,,
distance_drinkingwater,between_201_300m,3. 201-300m,ãä 201 Åáì 300 ãÊÑ,,,,,
distance_drinkingwater,between_301_400m,4. 301-400m,ãä 301 Åáì 400 ãÊÑ,,,,,
distance_drinkingwater,between_401_500m,5. 401-500m,ãä 401 Åáì 500 ãÊÑ,,,,,
distance_drinkingwater,more_500m,6. 500m or more,500 ãÊÑ Ãæ ÃßËÑ,,,,,
water_quality,water_fine_todrink,1. Water is fine to drink ,ÇáãíÇå ÕÇáÍÉ ááÔÑÈ,,,,,
water_quality,water_taste_notgood,2. Taste is not good ,ÇáØÚã áíÓ ÌíÏÇ,,,,,
water_quality,water_smell_notgood,3. Smell is not good ,ÇáÑÇÆÍÉ áíÓÊ ÌíÏÉ,,,,,
water_quality,water_discloured,4. Water is discoloured,áæä ÇáãÇÁ ãÊÛíÑ,,,,,
water_quality,water_causes_health_issues,5. Water causes health issues (like diarrhea),ÇáãÇÁ íÓÈÈ ãÔÇßá ÕÍíÉ (ãËá ÇáÅÓåÇá),,,,,
water_quality,other,Other (specify),ÛíÑ Ğáß (íÑÌì ÇáÊÍÏíÏ),,,,,
water_quality,dk,Don't know,áÇ ÃÚÑİ,,,,,
water_quality,dwta,Prefer not to answer,ÃİÖá ÚÏã ÇáÅÌÇÈÉ,,,,,
water_treatment,no_treatment_used,1. No treatment methods used,áÇ ÊæÌÏ ØÑŞ ãÚÇáÌÉ ãÓÊÎÏãÉ,,,,,
water_treatment,boiling,2. Boiling,ÇáÛáíÇä,,,,,
water_treatment,disinfection,"3. Disinfection (tablets, iodine, etc.)",ÇáÊØåíÑ (ÃŞÑÇÕ¡ ÇáíæÏ¡ ÅáÎ),,,,,
water_treatment,water_filters,4. Water filters,ãÑÔÍÇÊ ÇáãíÇå (ÇáİáÇÊÑ),,,,,
water_treatment,other,Other (specify),ÛíÑ Ğáß (íÑÌì ÇáÊÍÏíÏ),,,,,
water_treatment,dk,Don't know,áÇ ÃÚÑİ,,,,,
water_treatment,dwta,Prefer not to answer,ÃİÖá ÚÏã ÇáÅÌÇÈÉ,,,,,
access_public_water_network,every_day,1. Every day (7 days),ßá íæã (7 ÃíÇã),,,,,
access_public_water_network,most_days,2. Most days (4-6 days),ãÚÙã ÇáÃíÇã (4-6 ÃíÇã),,,,,
access_public_water_network,rarely,3. Rarely (1-3 days),äÇÏÑğÇ (1-3 ÃíÇã),,,,,
access_public_water_network,not_at_all,4. Not at all (0 days),áÇ Úáì ÇáÅØáÇŞ (0 íæãğÇ),,,,,
access_public_water_network,dk,Don't know,áÇ ÃÚÑİ,,,,,
access_public_water_network,dwta,Prefer not to answer,ÃİÖá ÚÏã ÇáÅÌÇÈÉ,,,,,
toilet_type,flush_toilet,1. Flush toilet (Arabic or Western),ãÑÍÇÖ ÏÇİŞ (ÚÑÈí Ãæ ÛÑÈí),,,,,
toilet_type,pour_toilet,2. Pour toilet (Arabic or Western),ÇáãÑÍÇÖ ÇáĞí íÕÈ İíå ÇáãÇÁ áÊäÙíİå (ÚÑÈí Ãæ ÛÑÈí),,,,,
toilet_type,dry_pit_latrine,3. Dry pit latrine (without water),ãÑÍÇÖ ÇáÍİÑÉ ÇáÌÇİÉ (ÈÏæä ãÇÁ),,,,,
toilet_type,no_toilet,4. No toilet inside shelter or within easy reach,áÇ ãÑÍÇÖ ÏÇÎá ÇáãÃæì Ãæ íÓåá ÇáæÕæá Åáíå,,,,,
toilet_type,other,Other (specify),ÛíÑ Ğáß (íÑÌì ÇáÊÍÏíÏ),,,,,
toilet_type,dk,Don't know,áÇ ÃÚÑİ,,,,,
toilet_type,dwta,Prefer not to answer,ÃİÖá ÚÏã ÇáÅÌÇÈÉ,,,,,
trash_disposal,collected_municipality_waste_management_service,"1. Collected by the municipality, waste management service (private or public), or other authority ",íÊã ÌãÚåÇ ãä ŞÈá ÇáÈáÏíÉ Ãæ ÎÏãÉ ÅÏÇÑÉ ÇáäİÇíÇÊ (ÎÇÕÉ Ãæ ÚÇãÉ) Ãæ Ãí ÓáØÉ ÃÎÑì,,,,,
trash_disposal,designated_place_waste_disposal,"2. Put in a public place designated for waste disposal, to be collected later",æÖÚåÇ İí ãßÇä ÚÇã ãÎÕÕ ááÊÎáÕ ãä ÇáäİÇíÇÊ¡ áíÊã ÌãÚåÇ İí æŞÊ áÇÍŞ,,,,,
trash_disposal,notdesignated_place_waste_disposal,3. Left in the road or in a public place not designated for waste disposal,Úáì ŞÇÑÚÉ ÇáØÑíŞ Ãæ İí ãßÇä ÚÇã ÛíÑ ãÎÕÕ ááÊÎáÕ ãä ÇáäİÇíÇÊ,,,,,
trash_disposal,buried_burned,4. Buried or burned,ÊÏİä Ãæ ÊÍÑŞ,,,,,
trash_disposal,other,Other (specify),ÛíÑ Ğáß (íÑÌì ÇáÊÍÏíÏ),,,,,
trash_disposal,dk,Don't know,áÇ ÃÚÑİ,,,,,
trash_disposal,dwta,Prefer not to answer,ÃİÖá ÚÏã ÇáÅÌÇÈÉ,,,,,
trash_collection_frequency,more_than_once_week,1. More than once per week,ÃßËÑ ãä ãÑÉ İí ÇáÃÓÈæÚ,,,,,
trash_collection_frequency,once_week,2. Once per week,ãÑÉ æÇÍÏÉ İí ÇáÃÓÈæÚ,,,,,
trash_collection_frequency,once_two_weeks,3. Once every two weeks,ãÑÉ æÇÍÏÉ ßá ÃÓÈæÚíä,,,,,
trash_collection_frequency,once_month,4. Once per month,ãÑÉ æÇÍÏÉ İí ÇáÔåÑ,,,,,
trash_collection_frequency,less_frequantly_once_month,5. Less frequently than once per month,ÈæÊíÑÉ ÃŞá ãä ãÑÉ æÇÍÏÉ İí ÇáÔåÑ,,,,,
trash_collection_frequency,other,Other (specify),ÛíÑ Ğáß (íÑÌì ÇáÊÍÏíÏ),,,,,
trash_collection_frequency,dk,Don't know,áÇ ÃÚÑİ,,,,,
trash_collection_frequency,dwta,Prefer not to answer,ÃİÖá ÚÏã ÇáÅÌÇÈÉ,,,,,
access_essential_hygiene_items,hygiene_items_available,1. There are no hygiene products that we require but are unable to purchase,áÇ ÊæÌÏ ãäÊÌÇÊ äÙÇİÉ äÍÊÇÌåÇ æáÓäÇ ŞÇÏÑíä Úáì ÔÑÇÆåÇ,,,,,
access_essential_hygiene_items,liquid_bar_soap,2. Soap (liquid and bar)                                    ,ÇáÕÇÈæä (ÇáÓÇÆá æŞØÚÉ),,,,,
access_essential_hygiene_items,disinfectant_surface_cleaner,"3. Disinfectant - surface cleaner (powder, liquid detergent)",ãØåÑ - ãäÙİ ÇáÃÑÖíÇÊ (ãÓÍæŞ¡ ÇáãäÙİÇÊ ÇáÓÇÆáÉ),,,,,
access_essential_hygiene_items,toothpaste,4. Toothpaste ,ãÚÌæä ÇáÃÓäÇä,,,,,
access_essential_hygiene_items,clean_toothbrushes,5. Clean toothbrushes     , İÑÔ ÇáÃÓäÇä,,,,,
access_essential_hygiene_items,sanitary_pads,6. Sanitary pads,ÇáİæØ ÇáÕÍíå,,,,,
access_essential_hygiene_items,baby_diapers,7. Baby diapers                                               ,ÍİÇÖÇÊ ÇáÃØİÇá,,,,,
access_essential_hygiene_items,water_container,8. Water container (or Jerry can) ,ÎÒÇäÇÊ ÇáãíÇå (Çæ ÇáÈíÏæä / ÇáÌÇáæä),,,,,
access_essential_hygiene_items,shampoo,9. Shampoo                                                     ,ÔÇãÈæ,,,,,
access_essential_hygiene_items,dishwashing_iquid,10. Dishwashing liquid , ÓÇÆá ÛÓíá ÇáÕÍæä,,,,,
noaccess_essential_hygiene_items_reasons,hygiene_items_too_expensive,1. Too expensive,ãßáİÉ ááÛÇíÉ,,,,,
noaccess_essential_hygiene_items_reasons,hygiene_items_not_available_in_the_market,2. Not available in the market ,ÛíÑ ãÊæİÑÉ İí ÇáÓæŞ,,,,,
noaccess_essential_hygiene_items_reasons,cannot_reach_market,3. Can't reach the market ,áÇ íãßä ÇáæÕæá Åáì ÇáÓæŞ,,,,,
noaccess_essential_hygiene_items_reasons,quality_not_good,4. Quality not good,ÇáÌæÏÉ áíÓÊ ÌíÏÉ,,,,,
noaccess_essential_hygiene_items_reasons,other,Other (specify),ÛíÑ Ğáß (íÑÌì ÇáÊÍÏíÏ),,,,,
access_healthcare_challenge_reasons,healthfacilities_destroyed,1. Health facilities have been damaged or destroyed,ÇáãÑÇİŞ ÇáÕÍíÉ ŞÏ ÊÖÑÑÊ Ãæ ÏãÑÊ,,,,,
access_healthcare_challenge_reasons,distance_healthfacilities_toofar,2. Distance to health facilities is too far,ÇáãÓÇİÉ Åáì ÇáãÑÇİŞ ÇáÕÍíÉ ÈÚíÏÉ ÌÏğÇ,,,,,
access_healthcare_challenge_reasons,route_healthfacilities_isunsafe,3. Route to health facilities is unsafe ,ÇáØÑíŞ Åáì ÇáãÑÇİŞ ÇáÕÍíÉ ÛíÑ Âãä,,,,,
access_healthcare_challenge_reasons,presence_explosive_hazard_healthfacilities,4. Presence of explosive hazards,æÌæÏ ãÎÇØÑ ÇáãÊİÌÑÇÊ,,,,,
access_healthcare_challenge_reasons,no_available_healthfacilities,5. No available health facilities that can accept new patients,áÇ ÊæÌÏ ãÑÇİŞ ÕÍíÉ ãÊÇÍÉ íãßäåÇ ŞÈæá ãÑÖì ÌÏÏ,,,,,
access_healthcare_challenge_reasons,no_lack_money_topay_care,6. No/lack of money to pay for care,İŞÏÇä / äŞÕ İí ÇáãÇá áÏİÚ Ëãä ÇáÑÚÇíÉ,,,,,
access_healthcare_challenge_reasons,lack_transportations_to_healthfacilities,7. Lack of means of transport to get to the healthcare facilities,äŞÕ İí æÓÇÆá ÇáäŞá ááæÕæá Åáì ãÑÇİŞ ÇáÑÚÇíÉ ÇáÕÍíÉ,,,,,
access_healthcare_challenge_reasons,lack_medical_staff,8. Lack of medical staff in general,äŞÕ İí ÇáØÇŞã ÇáØÈí ÈÔßá ÚÇã,,,,,
access_healthcare_challenge_reasons,lack_female_medical_staff,9. Lack of female medical staff in particular,äŞÕ İí ÇáØÇŞã ÇáØÈí Úáì æÌå ÇáÎÕæÕ,,,,,
access_healthcare_challenge_reasons,lack_private_rooms,10. Lack of private room(s) for receiving confidential care, ÚÏã æÌæÏ ÛÑİÉ (ÛÑİ) ÎÇÕÉ áÊáŞí ÇáÑÚÇíÉ ÇáÎÕæÕíÉ,,,,,
access_healthcare_challenge_reasons,lack_medicines,11. Lack of medicines, äŞÕ İí ÇáÃÏæíÉ,,,,,
access_healthcare_challenge_reasons,lack_medical_supplies,12. Lack of medical supplies, äŞÕ İí ÇáÅãÏÇÏÇÊ ÇáØÈíÉ,,,,,
access_healthcare_challenge_reasons,lack_documentation_health,13. Lack of documentation, äŞÕ İí ÇáæËÇÆŞ,,,,,
access_healthcare_challenge_reasons,discrimination_heath,14. Discrimination, ÇáÊãííÒ,,,,,
access_healthcare_challenge_reasons,female_denial_permission,"15. For females, denial of permission from family members to visit health facility", ÈÇáäÓÈÉ ááÅäÇË¡ ÍÑãÇä ÃİÑÇÏ ÇáÃÓÑÉ ãä ÇáÅĞä áÒíÇÑÉ ÇáãäÔÃÉ ÇáÕÍíÉ,,,,,
access_healthcare_challenge_reasons,female_absence_malecompanion,"16. For females, absence of male companion to accompany during visit to health facility", ÈÇáäÓÈÉ ááÅäÇË¡ ÛíÇÈ ãÑÇİŞÉ ÇáĞßæÑ ÃËäÇÁ ÒíÇÑÉ ÇáãÑİŞ ÇáÕÍí,,,,,
access_healthcare_challenge_reasons,other,Other (specify), ÛíÑ Ğáß (íÑÌì ÇáÊÍÏíÏ),,,,,
access_healthcare_challenge_reasons,dk,Don't know, áÇ ÃÚÑİ,,,,,
access_healthcare_challenge_reasons,dwta,Prefer not to answer,  ÃİÖá ÚÏã ÇáÇÌÇÈÉ,,,,,
nomoney_healthcare_coping,informal_medication_alternatives,"1. Revert to informal medical alternatives (e.g., traditional medicine, home treatments)",ÇáÑÌæÚ Åáì ÇáÈÏÇÆá ÇáØÈíÉ ÛíÑ ÇáÑÓãíÉ (ãËá ÇáØÈ ÇáÊŞáíÏí æÇáÚáÇÌÇÊ ÇáãäÒáíÉ),,,,,
nomoney_healthcare_coping,prioritize_emergency,2. Prioritize emergency cases in the household to receive care,ÅÚØÇÁ ÇáÃæáæíÉ áÍÇáÇÊ ÇáØæÇÑÆ İí ÇáÃÓÑÉ áÊáŞí ÇáÑÚÇíÉ,,,,,
nomoney_healthcare_coping,prioritize_children,3. Prioritize children rather than adults to receive care,ÅÚØÇÁ ÇáÃæáæíÉ ááÃØİÇá ÈÏáÇğ ãä ÇáÈÇáÛíä áÊáŞí ÇáÑÚÇíÉ,,,,,
nomoney_healthcare_coping,prioritize_males,4. Prioritize males rather than females to receive care,ÅÚØÇÁ ÇáÃæáæíÉ ááĞßæÑ ÈÏáÇğ ãä ÇáÅäÇË áÊáŞí ÇáÑÚÇíÉ,,,,,
nomoney_healthcare_coping,prioritize_females,5. Prioritize females rather than males to receive care,ÅÚØÇÁ ÇáÃæáæíÉ ááÅäÇË ÈÏáÇğ ãä ÇáĞßæÑ áÊáŞí ÇáÑÚÇíÉ,,,,,
nomoney_healthcare_coping,get_medical_treatment_from_nonprofessional,6. Get medical treatment from individuals without professional training,ÇáÍÕæá Úáì ÇáÚáÇÌ ÇáØÈí ãä ÇáÃİÑÇÏ Ïæä ÇáÊÏÑíÈ Çáãåäí,,,,,
nomoney_healthcare_coping,use_expired_medecine,"7. Use expired medicine or recycle medical items (e.g., syringes)",ÇÓÊÎÏÇã ÇáÃÏæíÉ ãäÊåíÉ ÇáÕáÇÍíÉ Ãæ ÅÚÇÏÉ ÅÓÊÎÏÇã ÇááæÇÒã ÇáØÈíÉ (Úáì ÓÈíá ÇáãËÇá¡ ÇáÍŞä),,,,,
nomoney_healthcare_coping,travel_abroad_medical_treatment,8. Travel abroad for required medical treatment,ÇáÓİÑ ááÎÇÑÌ ááÚáÇÌ ÇáØÈí ÇáãØáæÈ,,,,,
nomoney_healthcare_coping,travel_other_mantikas_medical_treatment,9. Travel to other mantikas for required medical treatment,ÇáÓİÑ Åáì ãäÇØŞ ÃÎÑì áÊáŞí ÇáÚáÇÌ ÇáØÈí ÇáãØáæÈ,,,,,
nomoney_healthcare_coping,dont_seek_medical_help,10. Do not seek medical help, áÇ ÇØáÈ ãÓÇÚÏÉ ØÈíÉ,,,,,
nomoney_healthcare_coping,reduce_expenditures_hh_needs,"11. Reduce expenditures on other HH needs (e.g., education, NFIs,  food)", Êã ÊÎİíÖ ÇáäİŞÇÊ Úáì ÇáÇÍÊíÇÌÇÊ ÇáÃÎÑì ááÃÓÑÉ (ãËá ÇáÊÚáíã¡ ÇáãæÇÏ ÛíÑ ÇáÛĞÇÆíÉ¡ ÇáÛĞÇÁ),,,,,
nomoney_healthcare_coping,other,Other (specify), ÛíÑ Ğáß (íÑÌì ÇáÊÍÏíÏ),,,,,
nomoney_healthcare_coping,dk,Don't know, áÇ ÃÚÑİ,,,,,
nomoney_healthcare_coping,dwta,Prefer not to answer, ÃİÖá ÚÏã ÇáÇÌÇÈÉ,,,,,
preganncy_assistedby,obstetrician,1. Obstetrician,ØÈíÈ ÇáÊæáíÏ,,,,,
preganncy_assistedby,general_practitioner,2. General practitioner,ããÇÑÓ ÚÇã,,,,,
preganncy_assistedby,certified_midwife,3. Certified midwife          ,ŞÇÈáÉ ãÚÊãÏÉ,,,,,
preganncy_assistedby,uncertified_midwife,4. Uncertified midwife         ,ŞÇÈáÉ ÛíÑ ãÚÊãÏÉ,,,,,
preganncy_assistedby,nurse,5. Nurse                                  ,ããÑÖÉ,,,,,
preganncy_assistedby,relatives_friends,6. Relatives / Friends ,ÇáÃŞÇÑÈ / ÇáÃÕÏŞÇÁ,,,,,
preganncy_assistedby,no_assistance,7. No one                                          ,áÇ ÃÍÏ,,,,,
preganncy_assistedby,other,Other (specify),ÛíÑ Ğáß (íÑÌì ÇáÊÍÏíÏ),,,,,
preganncy_assistedby,dk,Don't know,áÇ ÃÚÑİ,,,,,
preganncy_assistedby,dwta,Prefer not to answer, ÃİÖá ÚÏã ÇáÇÌÇÈÉ,,,,,
type_chronicdisease,blood_pressure,1. Blood pressure ,ÖÛØ ÇáÏã,,,,,
type_chronicdisease,heart_disease,2. Heart disease,ÃãÑÇÖ ÇáŞáÈ,,,,,
type_chronicdisease,diabetes,3. Diabetes,ãÑÖ ÇáÓßÑí,,,,,
type_chronicdisease,asthma,4. Asthma,ÇáÑÈæ,,,,,
type_chronicdisease,joint_pain,5. Joint pain (arthritis),ÂáÇã ÇáãİÇÕá (ÇáÊåÇÈ ÇáãİÇÕá),,,,,
type_chronicdisease,chronic_backpain,6. Chronic back pain (spinal cord),ÂáÇã ÇáÙåÑ ÇáãÒãäÉ (ÇáÍÈá ÇáÔæßí),,,,,
type_chronicdisease,cataract,7. Cataract ,ÅÚÊÇã ÚÏÓÉ ÇáÚíä,,,,,
type_chronicdisease,stomach_ulcers,8. Stomach ulcers,ŞÑÍÉ ÇáãÚÏÉ,,,,,
type_chronicdisease,kidney_failure,9. Kidney failure,ÇáİÔá Çáßáæí,,,,,
type_chronicdisease,epilepsy,10. Epilepsy, ÇáÕÑÚ,,,,,
type_chronicdisease,other,Other (specify), ÛíÑ Ğáß (íÑÌì ÇáÊÍÏíÏ),,,,,
type_chronicdisease,dk,Don't know, áÇ ÃÚÑİ,,,,,
type_chronicdisease,dwta,Prefer not to answer, ÃİÖá ÚÏã ÇáÅÌÇÈÉ,,,,,
chronicdisease_access_healthcare,yes_adequate_access,"1. Yes, adequate access",äÚã¡ ÇáæÕæá ßÇİ,,,,,
chronicdisease_access_healthcare,limited_access,"2. Limited access (only sometimes, limited quantity, etc.)",ãÍÏæÏíÉ ÇáæÕæá (İí ÈÚÖ ÇáÃÍíÇä İŞØ¡ ÇáßãíÉ ãÍÏæÏÉ¡ æãÇ Åáì Ğáß),,,,,
chronicdisease_access_healthcare,no_access,3. No access,áÇ íãßä ÇáæÕæá,,,,,
chronicdisease_access_healthcare,dk,Don't know,áÇ ÃÚÑİ,,,,,
chronicdisease_access_healthcare,dwta,Prefer not to answer,ÃİÖá ÚÏã ÇáÅÌÇÈÉ,,,,,
chronicdisease_services_unavailable,no_access_healthfacility,1. No access to the health facility,áÇ íãßä ÇáæÕæá Åáì ÇáãÑİŞ ÇáÕÍí,,,,,
chronicdisease_services_unavailable,specialized_consultation_unavailable,2. Lack of availability of specialized consultation,ÚÏã ÊæİÑ ÊÔÎíÕ ãä ŞÈá ãÎÊÕííä,,,,,
chronicdisease_services_unavailable,general_practitioner_unavailable,3. Lack of availability of general practitioners for the follow-up,ÚÏã ÊæİÑ ØÈíÈ ÚÇã ááãÊÇÈÚÉ,,,,,
chronicdisease_services_unavailable,radiologic_tests_unavailable,"4. Lack of availability of radiologic tests (X-ray, ultrasound, scan, MRI, etc.)",ÚÏã ÊæİÑ ÇáÇÎÊÈÇÑÇÊ ÇáÅÔÚÇÚíÉ (ÇáÃÔÚÉ ÇáÓíäíÉ¡ ÇáãæÌÇÊ İæŞ ÇáÕæÊíÉ¡ ÇáãÓÍ ÇáÖæÆí¡ ÇáÊÕæíÑ ÈÇáÑäíä ÇáãÛäÇØíÓí¡ ÅáÎ),,,,,
chronicdisease_services_unavailable,biologic_tests_unavailable,"5. Lack of availability of biologic tests (blood test, urinary test, etc.)",ÚÏã ÊæİÑ ÇáÇÎÊÈÇÑÇÊ ÇáÈíæáæÌíÉ (İÍÕ ÇáÏã¡ ÇÎÊÈÇÑ ÇáÈæá¡ ÅáÎ),,,,,
chronicdisease_services_unavailable,specilized_medical_investigation_unavailable,"6. Lack of availability of specialized medical investigation (fibroscopy, angiography, etc.)",ÚÏã ÊæİÑ ÔÎíÕ ØÈí ãÊÎÕÕ (ÊäÙíÑ áíİí¡ ÊÕæíÑ ÇáÃæÚíÉ¡ ÅáÎ),,,,,
chronicdisease_services_unavailable,medecines_unavailable,7. Lack of availability of medicines ,ÚÏã ÊæİÑ ÇáÃÏæíÉ,,,,,
chronicdisease_services_unavailable,other,Other (specify),ÛíÑ Ğáß (íÑÌì ÇáÊÍÏíÏ),,,,,
chronicdisease_services_unavailable,dk,Don't know,áÇ ÃÚÑİ,,,,,
chronicdisease_services_unavailable,dwta,Prefer not to answer,  ÃİÖá ÚÏã ÇáÇÌÇÈÉ,,,,,
mentaldisorder_access_healthcare,yes_adequate_access_useit,"1. Yes, adequate access and use this access",äÚã¡ ÇáæÕæá ßÇİ æ ÃŞæã ÈÅÓÊÎÏÇãå,,,,,
mentaldisorder_access_healthcare,limited_access_useit,2. Limited access and use this access,ÇáæÕæá ãÍÏæÏ æ ÃŞæã ÈÅÓÊÎÏÇãå,,,,,
mentaldisorder_access_healthcare,no_access,3. No access,áÇ íãßä ÇáæÕæá,,,,,
mentaldisorder_access_healthcare,adequate_limited_not_useit,4. Limited or adequate access but do not use it due to the social stigma of suffering from a mental disorder,ÇáæÕæá ãÍÏæÏ Ãæ ßÇİí æáßä áÇ ÇÓÊÎÏãå ÈÓÈÈ äÙÑÉ ÇáãÌÊãÚ ááãÕÇÈ ÈÇÖØÑÇÈ ÚŞáí,,,,,
mentaldisorder_access_healthcare,dk,Don't know,áÇ ÃÚÑİ,,,,,
mentaldisorder_access_healthcare,dwta,Prefer not to answer,ÃİÖá ÚÏã ÇáÅÌÇÈÉ,,,,,
mentaldisorder_services_unavailable,no_access_healthfacility,1. No access to the health facility,áÇ íãßä ÇáæÕæá Åáì ÇáãÑİŞ ÇáÕÍí,,,,,
mentaldisorder_services_unavailable,lack_psychiatrists_psychologists,"2. Lack of psychiatrists, psychologists, and psychotherapists",ÛíÇÈ ÇáÃØÈÇÁ ÇáäİÓííä æÚáãÇÁ ÇáäİÓ æÇáãÚÇáÌíä ÇáäİÓííä,,,,,
mentaldisorder_services_unavailable,lack_skilled_nurses,3. Lack of skilled nurses,ÚÏã æÌæÏ ÇáããÑÖÇÊ ÇáãåÑÉ,,,,,
mentaldisorder_services_unavailable,lack_psychiatric_medecines,4. Lack of psychiatric medicines,äŞÕ İí ÇáÃÏæíÉ ÇáäİÓíÉ,,,,,
mentaldisorder_services_unavailable,lack_inpatient_psychiatric_care,5. Lack of inpatient psychiatric care,äŞÕ İí ÇáÑÚÇíÉ ÇáäİÓíÉ ááãÑÖì ÇáÏÇÎáííä,,,,,
mentaldisorder_services_unavailable,lack_community_based_services,6. Lack of community-based services,äŞÕ İí ÇáÎÏãÇÊ ÇáãÌÊãÚíÉ,,,,,
mentaldisorder_services_unavailable,other,Other (specify),ÛíÑ Ğáß (íÑÌì ÇáÊÍÏíÏ),,,,,
mentaldisorder_services_unavailable,dk,Don't know,áÇ ÃÚÑİ,,,,,
mentaldisorder_services_unavailable,dwta,Prefer not to answer,íİÖá ÚÏã ÇáÅÌÇÈÉ,,,,,
physical_cognitive_difficulties_cause,congenital_origin,"1. Congenital origin (i.e., present since birth)",ÚíÈ ÎáŞí (Úáì ÓÈíá ÇáãËÇá¡ ãæÌæÏ ãäĞ ÇáæáÇÏÉ),,,,,
physical_cognitive_difficulties_cause,illness,2. Illness,ÇáãÑÖ,,,,,
physical_cognitive_difficulties_cause,mine_uxo_improvised_explosive_device,"3. Mine, unexploded ordnance (UXO), or improvised explosive device (IED)",ÇáÃáÛÇã Ãæ ÇáĞÎÇÆÑ ÛíÑ ÇáãäİÌÑÉ (UXO) Ãæ ÇáÚÈæÇÊ ÇáäÇÓİÉ (ÇáÃÌåÒÉ ÇáãÊİÌÑÉ ĞÇÊíÇ),,,,,
physical_cognitive_difficulties_cause,shot_from_war_weapon,4. Shot from war weapon,ÃØáŞ Úáíå ÇáÑÕÇÕ ,,,,,
physical_cognitive_difficulties_cause,road_accident,5. Road accident,ÍÇÏË ÓíÇÑÉ,,,,,
physical_cognitive_difficulties_cause,domestic_accident,6. Domestic accident,ÍÇÏË ãäÒáí,,,,,
physical_cognitive_difficulties_cause,pregnancy_complications,"7. Pregnancy complications (i.e., complications to the mother)",ãÖÇÚİÇÊ ÇáÍãá (ãËÇá ãÖÇÚİÇÊ ááÃã),,,,,
physical_cognitive_difficulties_cause,other,Other (specify),ÛíÑ Ğáß (íÑÌì ÇáÊÍÏíÏ),,,,,
physical_cognitive_difficulties_cause,dwta,Prefer not to answer,ÃİÖá ÚÏã ÇáÅÌÇÈÉ,,,,,
physical_cognitive_access_healthcare,physical_cognitive_adequate_access,"1. Yes, adequate access",äÚã¡ ÇáæÕæá ßÇİ,,,,,
physical_cognitive_access_healthcare,physical_cognitive_limited_access,"2. Limited access (only sometimes, limited quantity, etc.)",ãÍÏæÏíÉ ÇáæÕæá (İí ÈÚÖ ÇáÃÍíÇä İŞØ¡ ßãíÉ ãÍÏæÏÉ¡ æãÇ Åáì Ğáß),,,,,
physical_cognitive_access_healthcare,physical_cognitive_noaccess,3. No access,áÇ íãßä ÇáæÕæá,,,,,
physical_cognitive_access_healthcare,dk,Don't know,áÇ ÃÚÑİ,,,,,
physical_cognitive_access_healthcare,dwta,Prefer not to answer,ÃİÖá ÚÏã ÇáÅÌÇÈÉ,,,,,
physical_cognitive_services_unavailable,lack_physical_therapy_rehabilitation,1. Lack of physical therapy and/or rehabilitation,äŞÕ İí ÇáÚáÇÌ ÇáØÈíÚí æ / Ãæ ÅÚÇÏÉ ÇáÊÃåíá,,,,,
physical_cognitive_services_unavailable,lack_wheelchair,2. Lack of wheelchair,ÚÏã æÌæÏ ßÑÓí ãÊÍÑß,,,,,
physical_cognitive_services_unavailable,lack_assistive_devices,"3. Lack of other assistive devices (e.g., prosthetic limbs or hearing aids)",ÚÏã æÌæÏ ÃÌåÒÉ ãÓÇÚÏÉ ÃÎÑì (ãËá ÇáÃØÑÇİ ÇáÇÕØäÇÚíÉ Ãæ ÃÌåÒÉ ÇáÓãÚ),,,,,
physical_cognitive_services_unavailable,lack_psychosocial_support,4. Lack of psychosocial support,ÚÏã æÌæÏ ÇáÏÚã ÇáäİÓí æÇáÇÌÊãÇÚí,,,,,
physical_cognitive_services_unavailable,other,Other (specify),ÛíÑ Ğáß (íÑÌì ÇáÊÍÏíÏ),,,,,
physical_cognitive_services_unavailable,dk,Don't know,áÇ ÃÚÑİ,,,,,
physical_cognitive_services_unavailable,dwta,Prefer not to answer,ÃİÖá ÚÏã ÇáÅÌÇÈÉ,,,,,
negative_behaviour_0_12,no_children_0_12,1. No children in the household aged 0-12,áÇ íæÌÏ ÃØİÇá İí ÇáÃÓÑÉ  ÊÊÑÇæÍ ÃÚãÇÑåã Èíä 0-12,,,,,
negative_behaviour_0_12,no_negative_behaviour_changes_0_12,2. No negative behavior changes in children aged 0-12,áÇ íÊÛíÑ ÇáÓáæß ÇáÓáÈí ÚäÏ ÇáÃØİÇá ÇáĞíä ÊÊÑÇæÍ ÃÚãÇÑåã Èíä 0-12,,,,,
negative_behaviour_0_12,withdraw_from_family_friends,3. Withdrawn from family and friends ,ãäØæí,,,,,
negative_behaviour_0_12,angry_aggressive_outbursts,4. Angry or aggressive outbursts,äæÈÇÊ ÇáÛÖÈ Ãæ ÇáÚÏæÇäíÉ,,,,,
negative_behaviour_0_12,changes_appetite,5. Changes in appetite or eating habits,ÊÛíÑÇÊ İí ÇáÔåíÉ Ãæ ÚÇÏÇÊ ÇáÃßá,,,,,
negative_behaviour_0_12,headaches,6. Headaches,ÇáÕÏÇÚ,,,,,
negative_behaviour_0_12,new_recurrent_bedwetting,7. New or recurrent bedwetting,ÇáÊÈæá ÇááÇÅÑÇÏí ÇáÌÏíÏ Ãæ ÇáãÊßÑÑ,,,,,
negative_behaviour_0_12,nightmares_sleep_disturbances,8. Nightmares or sleep disturbances,ßæÇÈíÓ Ãæ ÇÖØÑÇÈÇÊ Çáäæã,,,,,
negative_behaviour_0_12,upset_stomach,9. Upset stomach or vague stomach pain,ÇÖØÑÇÈ İí ÇáãÚÏÉ Ãæ ÂáÇã İí ÇáãÚÏÉ ÛÇãÖÉ,,,,,
negative_behaviour_0_12,new_recurring_fears,"10. New or recurring fears (e.g., fear of the dark, fear of being alone, fear of strangers)", ãÎÇæİ ÌÏíÏÉ Ãæ ãÊßÑÑÉ (Úáì ÓÈíá ÇáãËÇá¡ ÇáÎæİ ãä ÇáÙáÇã¡ ÇáÎæİ ãä ÇáæÍÏÉ¡ ÇáÎæİ ãä ÇáÛÑÈÇÁ),,,,,
negative_behaviour_0_12,clinging,"11. Clinging, unwilling to let you out of sight", ÇáÊÔÈË¡ ÚÏã ÇáÓãÇÍ áß ÈÇáÅÈÊÚÇÏ,,,,,
negative_behaviour_0_12,excessive_crying,12. Excessive crying, ÇáÅİÑÇØ İí ÇáÈßÇÁ,,,,,
negative_behaviour_0_12,goingback_behaviors_present_yougerage,13. Going back to behaviors present in children of a younger age, ÇáÚæÏÉ Åáì ÇáÓáæßíÇÊ ÇáãæÌæÏÉ İí ÇáÃØİÇá İí Óä ÃÕÛÑ,,,,,
negative_behaviour_0_12,startled_easily,14. Startled easily, ÓÑíÚ ÇáİÒÚ,,,,,
negative_behaviour_0_12,substance_use_abuse,"15. Substance use/abuse (e.g., alcohol, drugs)", ÊÚÇØí ãæÇÏ ÇáÅÏãÇä  / ÇáãæÇÏ ÇáãÎÏÑÉ (ãËá ÇáßÍæá æÇáãÎÏÑÇÊ),,,,,
negative_behaviour_13_17,no_children_13_17,1. No children in the household aged 13-17,áÇ íæÌÏ ÃØİÇá İí ÇáÃÓÑÉ ÊÊÑÇæÍ ÃÚãÇÑåã Èíä 13 æ 17 ÚÇãğÇ,,,,,
negative_behaviour_13_17,no_negative_behaviour_changes_13_17,2. No negative behavior changes in children aged 13-17,áÇ íÊÛíÑ ÇáÓáæß ÇáÓáÈí ÚäÏ ÇáÃØİÇá ÇáĞíä ÊÊÑÇæÍ ÃÚãÇÑåã Èíä 13 æ 17 ÚÇãğÇ,,,,,
negative_behaviour_13_17,withdraw_from_family_friends,3. Withdrawn from family and friends ,ãäØæí,,,,,
negative_behaviour_13_17,angry_aggressive_outbursts,4. Angry or aggressive outbursts,äæÈÇÊ ÇáÛÖÈ Ãæ ÇáÚÏæÇäíÉ,,,,,
negative_behaviour_13_17,changes_appetite,5. Changes in appetite or eating habits,ÊÛíÑÇÊ İí ÇáÔåíÉ Ãæ ÚÇÏÇÊ ÇáÃßá,,,,,
negative_behaviour_13_17,headaches,6. Headaches,ÇáÕÏÇÚ,,,,,
negative_behaviour_13_17,new_recurrent_bedwetting,7. New or recurrent bedwetting,ÇáÊÈæá ÇááÇÅÑÇÏí ÇáÌÏíÏ Ãæ ÇáãÊßÑÑ,,,,,
negative_behaviour_13_17,nightmares_sleep_disturbances,8. Nightmares or sleep disturbances,ßæÇÈíÓ Ãæ ÇÖØÑÇÈÇÊ Çáäæã,,,,,
negative_behaviour_13_17,upset_stomach,9. Upset stomach or vague stomach pain,ÇÖØÑÇÈ İí ÇáãÚÏÉ Ãæ ÂáÇã İí ÇáãÚÏÉ ÛÇãÖÉ,,,,,
negative_behaviour_13_17,new_recurring_fears,"10. New or recurring fears (e.g., fear of the dark, fear of being alone, fear of strangers)", ãÎÇæİ ÌÏíÏÉ Ãæ ãÊßÑÑÉ (Úáì ÓÈíá ÇáãËÇá¡ ÇáÎæİ ãä ÇáÙáÇã¡ ÇáÎæİ ãä ÇáæÍÏÉ¡ ÇáÎæİ ãä ÇáÛÑÈÇÁ),,,,,
negative_behaviour_13_17,clinging,"11. Clinging, unwilling to let you out of sight", ÇáÊÔÈË¡ ÚÏã ÇáÓãÇÍ áß ÈÇáÅÈÊÚÇÏ,,,,,
negative_behaviour_13_17,excessive_crying,12. Excessive crying, ÇáÅİÑÇØ İí ÇáÈßÇÁ,,,,,
negative_behaviour_13_17,goingback_behaviors_present_yougerage,13. Going back to behaviors present in children of a younger age, ÇáÚæÏÉ Åáì ÇáÓáæßíÇÊ ÇáãæÌæÏÉ İí ÇáÃØİÇá İí Óä ÃÕÛÑ,,,,,
negative_behaviour_13_17,startled_easily,14. Startled easily, ÓÑíÚ ÇáİÒÚ,,,,,
negative_behaviour_13_17,substance_use_abuse,"15. Substance use/abuse (e.g., alcohol, drugs)", ÊÚÇØí ãæÇÏ ÇáÅÏãÇä  / ÇáãæÇÏ ÇáãÎÏÑÉ (ãËá ÇáßÍæá æÇáãÎÏÑÇÊ),,,,,
displaced_year,displaced_2011,1. 2011,ÓäÉ 2011 ,,,,,
displaced_year,displaced_2012,2. 2012,ÓäÉ 2012 ,,,,,
displaced_year,displaced_2013,3. 2013,ÓäÉ 2013 ,,,,,
displaced_year,displaced_2014,4. 2014,ÓäÉ 2014 ,,,,,
displaced_year,displaced_2015,5. 2015,ÓäÉ 2015,,,,,
displaced_year,displaced_2016,6. 2016,ÓäÉ 2016,,,,,
displaced_year,displaced_2017,7. 2017,ÓäÉ 2017,,,,,
displaced_year,displaced_2018,8. 2018,ÓäÉ 2018,,,,,
displaced_year,displaced_2019,9. 2019,ÓäÉ 2019,,,,,
displaced_year,dk,Don't know,áÇ ÃÚÑİ,,,,,
displaced_year,dwta,Prefer not to answer,ÃİÖá ÚÏã ÇáÅÌÇÈÉ,,,,,
push_factors,dwelling_destroyed,1. Dwelling destroyed ,ÇáãÓßä ÏãÑ,,,,,
push_factors,evicted_dwelling,2. Got evicted from dwelling                         , ØÑÏÊ ãä ÇáãÓßä,,,,,
push_factors,no_security_area,3. No security/conflict in the area,áÇ íæÌÏ Ããä / ÕÑÇÚ İí ÇáãäØŞÉ,,,,,
push_factors,flooding_natural_disaster,4. Flooding or other natural disaster,İíÖÇäÇÊ Çæ ßæÇÑË ØÈíÚíÉ,,,,,
push_factors,no_opportunity_work,5. No opportunity for work,áÇ ÊæÌÏ İÑÕÉ ááÚãá,,,,,
push_factors,problems_accessing_healthcare,6. Problems accessing healthcare,ãÔÇßá ÇáæÕæá Åáì ÇáÑÚÇíÉ ÇáÕÍíÉ,,,,,
push_factors,problems_accessing_education,7. Problems accessing education,ãÔÇßá İí ÇáÍÕæá Úáì ÇáÊÚáíã,,,,,
push_factors,problems_accessing_electricity_energy,8. Problems accessing electricity or energy,ãÔÇßá İí ÇáæÕæá Åáì ÇáßåÑÈÇÁ Ãæ ÇáØÇŞÉ,,,,,
push_factors,problems_accessing_water,9. Problems accessing water,ãÔÇßá İí ÇáæÕæá Åáì ÇáãíÇå,,,,,
push_factors,problems_accessing_housing,10. Problems accessing housing, ãÔÇßá İí ÇáæÕæá Åáì ÇáÓßä,,,,,
push_factors,threat_violence_hh,11. Threat of violence on the household, ÊåÏíÏ ÈÇáÚäİ Úáì ÇáÃÓÑÉ,,,,,
push_factors,presence_explosive_hazards,12. Presence of explosive hazards, æÌæÏ ÇáãÎÇØÑ ÇáãÊİÌÑÉ,,,,,
push_factors,other,Other (specify), ÃÎÑì (íÑÌì ÇáÊÍÏíÏ),,,,,
push_factors,dk,Don't know, áÇ ÃÚÑİ,,,,,
push_factors,dwta,Prefer not to answer, ÃİÖá ÚÏã ÇáÇÌÇÈÉ,,,,,
didnt_return_home_reasons,dwelling_damaged_destroyed,1. Dwelling damaged or destroyed,ÇáãÓßä ÎÑÈ Ãæ ÏãÑ,,,,,
didnt_return_home_reasons,no_security_area_idp,2. No security/conflict in the area                       ,áÇ íæÌÏ Ããä / ÕÑÇÚ İí ÇáãäØŞÉ,,,,,
didnt_return_home_reasons,no_work_opportunity,3. No opportunity for work,áÇ ÊæÌÏ İÑÕÉ ááÚãá,,,,,
didnt_return_home_reasons,flooding_natural_disaster,4. Flooding or other natural disaster,İíÖÇäÇÊ Çæ ßæÇÑË ØÈíÚíÉ,,,,,
didnt_return_home_reasons,loss_docs_restricted_movement,5. Loss of documentation has restricted movement,İŞÏÇä ÇáæËÇÆŞ ÊŞíÏ ÇáÍÑßÉ,,,,,
didnt_return_home_reasons,problems_accessing_healthcare,6. Problems accessing healthcare,ãÔÇßá ÇáæÕæá Åáì ÇáÑÚÇíÉ ÇáÕÍíÉ,,,,,
didnt_return_home_reasons,problems_accessing_education,7. Problems accessing education,ãÔÇßá İí ÇáÍÕæá Úáì ÇáÊÚáíã,,,,,
didnt_return_home_reasons,problems_accessing_electricity_energy,8. Problems accessing electricity or energy,ãÔÇßá İí ÇáæÕæá Åáì ÇáßåÑÈÇÁ Ãæ ÇáØÇŞÉ,,,,,
didnt_return_home_reasons,problems_accessing_water,9. Problems accessing water,ãÔÇßá İí ÇáæÕæá Åáì ÇáãíÇå,,,,,
didnt_return_home_reasons,problems_accessing_housing,10. Problems accessing housing,ãÔÇßá İí ÇáæÕæá Åáì ÇáÓßä,,,,,
didnt_return_home_reasons,threat_violence_hh,11. Threat of violence on the household, ÊåÏíÏ ÈÇáÚäİ Úáì ÇáÃÓÑÉ,,,,,
didnt_return_home_reasons,presence_explosive_hazards,12. Presence of explosive hazards, æÌæÏ ÇáãÎÇØÑ ÇáãÊİÌÑÉ,,,,,
didnt_return_home_reasons,other,Other (specify), ÃÎÑì (íÑÌì ÇáÊÍÏíÏ),,,,,
didnt_return_home_reasons,dk,Don't know, áÇ ÃÚÑİ,,,,,
didnt_return_home_reasons,dwta,Prefer not to answer, ÃİÖá ÚÏã ÇáÇÌÇÈÉ,,,,,
pull_factors,conflict_ended,1. Conflict is over in my baladiya,ÇäÊåì ÇáäÒÇÚ İí ÈáÏíÊí,,,,,
pull_factors,friends_family_here,2. Friends or family living here              ,ÇáÃÕÏŞÇÁ Ãæ ÇáÚÇÆáÉ íÚíÔæä åäÇ,,,,,
pull_factors,mytribe_here,3. My tribe is here   ,ŞÈíáÊí åäÇ,,,,,
pull_factors,own_property_chosen_area,4. Own property in chosen area,áÏí ÃãáÇß İí ÇáãäØŞÉ ÇáãÎÊÇÑÉ,,,,,
pull_factors,cheaper_rent_chosen_area,5. Cheaper rent prices in chosen area                               ,ÃÓÚÇÑ ÇáÅíÌÇÑÃÑÎÕ İí ÇáãäØŞÉ ÇáãÎÊÇÑÉ,,,,,
pull_factors,economic_opportunities_here,6. More economic opportunities here                ,ÇáİÑÕ ÇáÇŞÊÕÇÏíÉ ÃßËÑ åäÇ,,,,,
pull_factors,more_secure_enviornment,7. More secure environment,ÈíÆÉ ÃßËÑ ÃãäÇ,,,,,
pull_factors,better_health_services,8. More opportunity for better health services,İÑÕ ÃßËÑ ááÍÕæá Çáì ÎÏãÇÊ ÕÍíÉ ÃİÖá,,,,,
pull_factors,better_education_services,9. More opportunity for better education services,İÑÕ ÃßËÑ ááÍÕæá Çáì ÎÏãÇÊ ÊÚáíã ÃİÖá,,,,,
pull_factors,opportunity_move_within_libya,10. Better opportunity to move to another place within Libya , İÑÕÉ ÃİÖá ááÇäÊŞÇá Åáì ãßÇä ÂÎÑ ÏÇÎá áíÈíÇ,,,,,
pull_factors,opportunity_move_abroad,11. Better opportunity to move abroad , İÑÕÉ ÃİÖá ááÓİÑ Åáì ÇáÎÇÑÌ,,,,,
pull_factors,other,Other (specify), ÃÎÑì,,,,,
pull_factors,dk,Don't know, áÇ ÃÚÑİ,,,,,
pull_factors,dwta,Prefer not to answer, ÃİÖá ÚÏã ÇáÇÌÇÈÉ,,,,,
hh_nearfutur_intention,return_baladiya_origin,1. Return to the baladiya of origin,ÇáÚæÏÉ Åáì ÈáÏíÉ ÇáãäÔÃ,,,,,
hh_nearfutur_intention,stay_current_baladiya,2. Stay in the current baladiya of residence,ÇáÈŞÇÁ İí ÇáÈáÏíÉ ÇáÍÇáíÉ,,,,,
hh_nearfutur_intention,settle_elsewhere_within_libya,3. Settle elsewhere within Libya,ÇáÇÓÊŞÑÇÑ İí ÃãÇßä ÃÎÑì ÏÇÎá áíÈíÇ,,,,,
hh_nearfutur_intention,move_country_outside_libya,4. Move to a country outside of Libya,ÇáÅäÊŞÇá Åáì ÈáÏ ÎÇÑÌ áíÈíÇ,,,,,
hh_nearfutur_intention_residence,eu,1. EU,ÇáÇÊÍÇÏ ÇáÃæÑæÈí,,,,,
hh_nearfutur_intention_residence,north_africa,2. North Africa,ÔãÇá ÇİÑíŞíÇ,,,,,
hh_nearfutur_intention_residence,other,Other (specify),ÛíÑ Ğáß (íÑÌì ÇáÊÍÏíÏ),,,,,
move_outsode_lby_reasons,nosecurity_conflicts_lby,1. No security or too much conflict in Libya,áÇ íæÌÏ Ããä Ãæ äÒÇÚ ßÈíÑ İí áíÈíÇ,,,,,
move_outsode_lby_reasons,no_work_opportunity_lby,2. No opportunity for work in Libya,áÇ ÊæÌÏ İÑÕÉ ááÚãá İí áíÈíÇ,,,,,
move_outsode_lby_reasons,problems_accessing_services_lby,"3. Problems accessing principal services in Libya (e.g., health, education)",ãÔÇßá ÇáæÕæá Åáì ÇáÎÏãÇÊ ÇáÑÆíÓíÉ İí áíÈíÇ (ãËá ÇáÕÍÉ æÇáÊÚáíã),,,,,
move_outsode_lby_reasons,presence_explosive_hazards_lby,4. Presence of explosive hazards in Libya,æÌæÏ ãÎÇØÑ ãÊİÌÑÉ İí áíÈíÇ,,,,,
move_outsode_lby_reasons,friends_family_live_abroad,5. Friends or family live abroad,ÇáÃÕÏŞÇÁ Ãæ ÇáÚÇÆáÉ íÚíÔæä İí ÇáÎÇÑÌ,,,,,
move_outsode_lby_reasons,to_study_abroad,6. To study abroad,ááÏÑÇÓÉ İí ÇáÎÇÑÌ,,,,,
move_outsode_lby_reasons,other,Other (specify),ÛíÑ Ğáß (íÑÌì ÇáÊÍÏíÏ),,,,,
move_outsode_lby_reasons,dk,Don't know,áÇ ÃÚÑİ,,,,,
move_outsode_lby_reasons,dwta,Prefer not to answer, ÃİÖá ÚÏã ÇáÅÌÇÈÉ,,,,,
priority_needs,priority_access_cash,1. Access to cash,ÇáæÕæá Åáì ÇáäŞÏ,,,,,
priority_needs,priority_food,2. Food,ÇáÛĞÇÁ,,,,,
priority_needs,priority_cater,3. Water,ÇáãÇÁ,,,,,
priority_needs,priority_shelter_support,4. Shelter support,ÏÚã ÇáãÃæì,,,,,
priority_needs,priority_medical_care,5. Medical care,ÇáÑÚÇíÉ ÇáØÈíÉ,,,,,
priority_needs,priority_sanitation_services,6. Sanitation services,ÎÏãÇÊ ÇáÕÑİ ÇáÕÍí,,,,,
priority_needs,priority_electricity_fuel,7. Electricity or fuel,ÇáßåÑÈÇÁ Ãæ ÇáæŞæÏ,,,,,
priority_needs,priority_access_means_communication,8. Access to means of communication (mobile phone network coverage or mobile phone credit),ÇáæÕæá Åáì æÓÇÆá ÇáÇÊÕÇá (ÊÛØíÉ ÔÈßÉ ÇáåÇÊİ ÇáãÍãæá Ãæ ÑÕíÏ ÇáåÇÊİ ÇáãÍãæá),,,,,
priority_needs,priority_hh_hygiene_items,9. Household or hygiene items,ÇáÃÏæÇÊ ÇáãäÒáíÉ Ãæ ÇáäÙÇİÉ,,,,,
priority_needs,priority_livelihood_opportunities,10. Employment (livelihood opportunities),ÇáÊÔÛíá (İÑÕ ßÓÈ ÇáÑÒŞ),,,,,
priority_needs,priority_vocational_training,11. Vocational training, ÇáÊÏÑíÈ Çáãåäí,,,,,
priority_needs,priority_education_children,12. Education for children, ÇáÊÚáíã ááÃØİÇá,,,,,
priority_needs,priority_child_friendly_spaces,13. Child-friendly spaces or activities, ÇáãÓÇÍÇÊ Ãæ ÇáÃäÔØÉ ÇáãÎÕÕÉ ááÃØİÇá,,,,,
priority_needs,priority_explosive_hazard_clearance,"14. Explosive hazard clearance, risk education, or services for survivors", ÅÒÇáÉ  ãÎÇØÑÇáãÊİÌÑÇÊ Ãæ ÇáÊæÚíÉ ÈÇáãÎÇØÑ Ãæ ÇáÎÏãÇÊ ááäÇÌíä,,,,,
priority_needs,priority_gender_based_violence_support,15. Gender-based violence support,ÇáÏÚã İí ÍÇáÉ ÇáÚäİ ÇáŞÇÆã Úáì ÇáÌäÓ,,,,,
priority_needs,priority_psychosocial_support,"16. Psychosocial support (e.g., counseling)", ÇáÏÚã ÇáäİÓí ÇáÇÌÊãÇÚí (Úáì ÓÈíá ÇáãËÇá¡ ÊŞÏíã ÇáãÔæÑÉ),,,,,
priority_needs,priority_legal_assistance,"17. Legal assistance (e.g., civil documentation, house/land/property, family law)", ÇáãÓÇÚÏÉ ÇáŞÇäæäíÉ (Úáì ÓÈíá ÇáãËÇá¡ ÇáÊæËíŞ ÇáãÏäí¡ ÇáãäÒá / ÇáÃÑÖ / ÇáãáßíÉ¡ ŞÇäæä ÇáÃÓÑÉ),,,,,
priority_needs,other,Other (specify), ÛíÑ Ğáß (íÑÌì ÇáÊÍÏíÏ),,,,,
priority_needs,dk,Don't know, áÇ ÃÚÑİ,,,,,
priority_needs,dwta,Prefer not to answer, ÃİÖá ÚÏã ÇáÇÌÇÈÉ,,,,,
modality_assistance_received,cash_assistance,1. cash,äŞÏíÉ,,,,,
modality_assistance_received,vouchers_assistance,2. vouchers, ÇáŞÓÇÆã,,,,,
modality_assistance_received,inkind_assistance,3. in kind,ãÓÇÚÏÉ ÚíäíÉ,,,,,
modality_assistance_received,mixed_assistance,4. Mixed (in-kind and cash/voucher),ãÎÊáØÉ (ÇáÚíäíÉ æÇáäŞÏíÉ / ŞÓíãÉ),,,,,
modality_assistance_received,services_assistance,"5. Services (e.g., health care, education)",ÇáÎÏãÇÊ (ãËá ÇáÑÚÇíÉ ÇáÕÍíÉ æÇáÊÚáíã),,,,,
modality_assistance_received,other,Other (specify),ÛíÑ Ğáß (íÑÌì ÇáÊÍÏíÏ),,,,,
modality_assistance_received,dk,Don't know,áÇ ÃÚÑİ,,,,,
modality_assistance_received,dwta,Prefer not to answer,áÇ ÃİÖá ÇáÇÌÇÈÉ,,,,,
notsatisfied_humanitarian_assistance_reason,assistance_quality_notgood,1. Quality not good enough,ÇáÌæÏÉ áíÓÊ ÌíÏÉ ÈãÇ İíå ÇáßİÇíÉ,,,,,
notsatisfied_humanitarian_assistance_reason,assistance_quantity_notenough,2. Quantity not enough,ÇáßãíÉ ÛíÑ ßÇİíÉ,,,,,
notsatisfied_humanitarian_assistance_reason,other,Other (specify),ÛíÑ Ğáß (íÑÌì ÇáÊÍÏíÏ),,,,,
notsatisfied_humanitarian_assistance_reason,dk,Don't know,áÇ ÃÚÑİ,,,,,
notsatisfied_humanitarian_assistance_reason,dwta,Prefer not to answer,ÃİÖá ÚÏã ÇáÅÌÇÈÉ,,,,,
humanitarian_assistance_barrieres,no_barriers_humanitarian_assistance,1. No barriers faced in receiving humanitarian assistance / did not want to receive assistance,áÇ ÊæÌÏ ÚæÇÆŞ ÊæÇÌå ÊáŞí ÇáãÓÇÚÏÇÊ ÇáÅäÓÇäíÉ/ áÇ ÇÑíÏ ÇáÍÕæá Úáì ãÓÇÚÏÇÊ,,,,,
humanitarian_assistance_barrieres,notaware_ofany_assistance,2. Not aware of any assistance,áÓÊ Úáì Úáã ÈÃí ãÓÇÚÏÉ,,,,,
humanitarian_assistance_barrieres,lack_consent_actor_controlling_territory,3. Lack of consent from actor controlling territory ,ÚÏã ãæÇİŞÉ ÇáÌåÇÊ ÇáİÇÚáÉ ÇáãÓíØÑÉ Úáì ÇáÃÑÇÖí,,,,,
humanitarian_assistance_barrieres,damage_roads_leading_assistance_area,4. Damage to roads leading to area of assistance,ÇáÃÖÑÇÑ ÇáÊí áÍŞÊ ÇáØÑŞ ÇáãÄÏíÉ Åáì ãÌÇá ÇáãÓÇÚÏÉ,,,,,
humanitarian_assistance_barrieres,insecurity_traveling_assistance_area,5. Insecurity travelling to area of assistance,ÇäÚÏÇã ÇáÃãä ÚäÏ ÇáÓİÑ Åáì ãÌÇá ÇáãÓÇÚÏÉ,,,,,
humanitarian_assistance_barrieres,checkpoints_roadblocks,6. Checkpoints or roadblocks ,äŞÇØ ÇáÊİÊíÔ Ãæ ÍæÇÌÒ ÇáØÑŞ,,,,,
humanitarian_assistance_barrieres,presence_of_explosive_hazards_assistance,7. Presence of explosive hazards,æÌæÏ ÇáãÎÇØÑ ÇáãÊİÌÑÉ,,,,,
humanitarian_assistance_barrieres,other,Other (specify),ÛíÑ Ğáß (íÑÌì ÇáÊÍÏíÏ),,,,,
humanitarian_assistance_barrieres,dk,Don't know,áÇ ÃÚÑİ,,,,,
humanitarian_assistance_barrieres,dwta,Prefer not to answer, ÃİÖá ÚÏã ÇáÇÌÇÈÉ,,,,,
preferred_assistance_modality,inkind_preferred_assistance,"1. In-kind (house repairs, construction materials, NFIs, etc.)",ÚíäíÉ (ÅÕáÇÍÇÊ ÇáãäÇÒá¡ ãæÇÏ ÇáÈäÇÁ¡ ÇáãæÇÏ ÛíÑ ÇáÛĞÇÆíÉ¡ ÅáÎ),,,,,
preferred_assistance_modality,cash_inhand_preferred_assistance,2. Cash in hand, ÇáãÇá (ÇáßÇÔ) ÇáãÈÇÔÑ,,,,,
preferred_assistance_modality,cash_banktransfer_preferred_assistance,3. Cash via bank transfer,ÇáäŞÏíÉ Úä ØÑíŞ ÇáÊÍæíá ÇáãÕÑİí,,,,,
preferred_assistance_modality,cash_etransfer_preferred_assistance,4. Cash via e-transfer ,ÇáäŞÏíÉ Úä ØÑíŞ ÇáÊÍæíá ÇáÅáßÊÑæäí,,,,,
preferred_assistance_modality,voucher_preferred_assistance,5. Voucher ,ŞÓíãÉ,,,,,
preferred_assistance_modality,mixed_preferred_assistance,3. Mixed (cash and in-kind),ãÎÊáØÉ (ÇáäŞÏíÉ æÇáÚíäíÉ),,,,,
preferred_assistance_modality,dont_want_receive_assistance,4. Do not want to receive assistance,áÇ ÊÑÛÈ İí ÇáÍÕæá Úáì ÇáãÓÇÚÏÉ,,,,,
preferred_assistance_modality,services_preferred_assistance,Services,,,,,,
preferred_assistance_modality,other,Other (specify),ÛíÑ Ğáß (íÑÌì ÇáÊÍÏíÏ),,,,,
preferred_assistance_modality,dk,Don't know,áÇ ÃÚÑİ,,,,,
preferred_assistance_modality,dwta,Prefer not to answer,ÃİÖá ÚÏã ÇáÅÌÇÈÉ,,,,,
humanitarian_assistance_information_source,community_leaders_source,1. Community leaders,ŞÇÏÉ ÇáãÌÊãÚ,,,,,
humanitarian_assistance_information_source,radio_source,2. Radio,ÇáÑÇÏíæ,,,,,
humanitarian_assistance_information_source,tv_source,3. TV,ÇáÊáİÒíæä,,,,,
humanitarian_assistance_information_source,social_media_source,4. Social media,æÓÇÆá ÇáÊæÇÕá ÇáÇÌÊãÇÚí,,,,,
humanitarian_assistance_information_source,government_source,5. Government,ÇáÍßæãÉ,,,,,
humanitarian_assistance_information_source,charity_organization_source,6. Charity organization,ÇáãäÙãÇÊ ÇáÎíÑíÉ,,,,,
humanitarian_assistance_information_source,humanitarian_organization_source,7. Humanitarian organization,ÇáãäÙãÇÊ ÇáÅäÓÇäíÉ,,,,,
humanitarian_assistance_information_source,family_friends_source,8. Family members and friends,ÃİÑÇÏ ÇáÃÓÑÉ æÇáÃÕÏŞÇÁ,,,,,
humanitarian_assistance_information_source,dont_want_info_humanitarian_assistance,9. Do not receive information on humanitarian assistance,áÇ ÃÊáŞì ãÚáæãÇÊ Úä ÇáãÓÇÚÏÇÊ ÇáÅäÓÇäíÉ,,,,,
humanitarian_assistance_information_source,dk,Don't know, áÇ ÃÚÑİ,,,,,
humanitarian_assistance_information_source,dwta,Prefer not to answer, ÃİÖá ÚÏã ÇáÅÌÇÈÉ,,,,,
preferred_type_info_humanitarian_assistance,security_situation_here,1. The security situation here,ÇáæÖÚ ÇáÃãäí åäÇ,,,,,
preferred_type_info_humanitarian_assistance,finding_missing_people,2. Finding missing people,ÇáÚËæÑ Úáì ÇáãİŞæÏíä,,,,,
preferred_type_info_humanitarian_assistance,how_register_aid,3. How to register for aid,ßíİíÉ ÇáÊÓÌíá ááÍÕæá Úáì ÇáãÓÇÚÏÇÊ,,,,,
preferred_type_info_humanitarian_assistance,food_prices,4. Food prices,ÃÓÚÇÑ ÇáãæÇÏ ÇáÛĞÇÆíÉ,,,,,
preferred_type_info_humanitarian_assistance,how_to_get_healthcare,5. How to get healthcare/medical attention,ßíİíÉ ÇáÍÕæá Úáì ÇáÑÚÇíÉ ÇáÕÍíÉ / ÇáÑÚÇíÉ ÇáØÈíÉ,,,,,
preferred_type_info_humanitarian_assistance,how_to_replace_personal_docs,"6. How to replace personal documentation (e.g., birth certificate, ID)",ßíİíÉ ÇÓÊÈÏÇá ÇáæËÇÆŞ ÇáÔÎÕíÉ (Úáì ÓÈíá ÇáãËÇá¡ ÔåÇÏÉ ÇáãíáÇÏ¡ ÇáåæíÉ),,,,,
preferred_type_info_humanitarian_assistance,how_to_get_access_edu,7. How to get access to education,ßíİíÉ ÇáÍÕæá Úáì ÇáÊÚáíã,,,,,
preferred_type_info_humanitarian_assistance,how_to_find_work,8. How to find work,ßíİíÉ ÇáÚËæÑ Úáì Úãá,,,,,
preferred_type_info_humanitarian_assistance,how_to_get_financial_support,9. How to get more money/financial support,ßíİíÉ ÇáÍÕæá Úáì ÇáãÒíÏ ãä ÇáãÇá / ÇáÏÚã ÇáãÇáí,,,,,
preferred_type_info_humanitarian_assistance,info_possible_return_place_origin,10. Information about possible return to place of origin/relocation, ãÚáæãÇÊ Úä ÇáÚæÏÉ ÇáãÍÊãáÉ Åáì ãßÇä ÇáãäÔÃ / ÇáÊæØíä,,,,,
preferred_type_info_humanitarian_assistance,how_to_complain_received_aid,11. How to complain about the aid we are receiving, ßíİ äÔßæ ãä ÇáãÓÇÚÏÇÊ ÇáÊí äÊáŞÇåÇ,,,,,
preferred_type_info_humanitarian_assistance,dont_want_receive_info,12. Do not want to receive information from aid providers,áÇ ÇÑíÏ ÊáŞí ãÚáæãÇÊ ãä ãŞÏãí ÇáãÓÇÚÏÉ,,,,,
preferred_type_info_humanitarian_assistance,other,Other (specify), ÛíÑ Ğáß (íÑÌì ÇáÊÍÏíÏ),,,,,
preferred_type_info_humanitarian_assistance,dk,Don't know, áÇ ÃÚÑİ,,,,,
preferred_type_info_humanitarian_assistance,dwta,Prefer not to answer, ÃİÖá ÚÏã ÇáÇÌÇÈÉ,,,,,
preferred_means_receiving_info,phonecall_mode,1. Phone call,ãßÇáãÉ åÇÊİíÉ,,,,,
preferred_means_receiving_info,sms_mode,2. SMS,ÇáÑÓÇÆá ÇáŞÕíÑÉ,,,,,
preferred_means_receiving_info,twitter_mode,3. Twitter,ÊæíÊÑ,,,,,
preferred_means_receiving_info,facebook_mode,4. Facebook,ÇáİíÓÈæß,,,,,
preferred_means_receiving_info,whatsapp_mode,5. WhatsApp (or other mobile phone based platform),WhatsApp (Ãæ ŞÇÚÏÉ ÃÎÑì ÊÚÊãÏ Úáì ÇáåÇÊİ ÇáãÍãæá),,,,,
preferred_means_receiving_info,other_internet_platforms_mode,6. Other internet platforms,ãäÕÇÊ ÇáÅäÊÑäÊ ÇáÃÎÑì,,,,,
preferred_means_receiving_info,television_mode,7. Television,ÇáÊáİÒíæä,,,,,
preferred_means_receiving_info,newspapers_mode,8. Newspapers,ÇáÕÍİ,,,,,
preferred_means_receiving_info,billboards_mode,9. Billboards,ÇááæÍÇÊ ÇáÅÚáÇäíÉ,,,,,
preferred_means_receiving_info,posters_mode,10. Posters, ÇáãáÕŞÇÊ,,,,,
preferred_means_receiving_info,leaflets_mode,11. Leaflets, ÇáãäÔæÑÇÊ,,,,,
preferred_means_receiving_info,loudspeakers_mode,12. Loudspeakers, ãßÈÑÇÊ ÇáÕæÊ,,,,,
preferred_means_receiving_info,face_to_face_mode,13. In person / face-to-face (please specify from whom), ÔÎÕíÇ / æÌåÇ áæÌå (íÑÌì ÊÍÏíÏ ãä),,,,,
preferred_means_receiving_info,other,Other (specify), ÛíÑ Ğáß (íÑÌì ÇáÊÍÏíÏ),,,,,
preferred_means_receiving_info,dk,Don't know, áÇ ÃÚÑİ,,,,,
preferred_means_receiving_info,dwta,Prefer not to answer, ÃİÖá ÚÏã ÇáÇÌÇÈÉ,,,,,
feedback_humanitarian_assistance_mode,face_to_face_member_community_feedback,1. Face to face with member of the community ,æÌåÇ áæÌå ãÚ İÑÏò ãä ÇáãÌÊãÚ,,,,,
feedback_humanitarian_assistance_mode,phonecall_feedback,2. Phone call,ãßÇáãÉ åÇÊİíÉ,,,,,
feedback_humanitarian_assistance_mode,sms_feedback,3. SMS,ÇáÑÓÇÆá ÇáŞÕíÑÉ,,,,,
feedback_humanitarian_assistance_mode,email_feedback,4. E-mail,ÇáÈÑíÏ ÇáÅáßÊÑæäí,,,,,
feedback_humanitarian_assistance_mode,letter_feedback,5. Letter,ÑÓÇáÉ,,,,,
feedback_humanitarian_assistance_mode,socialmedia_feedback,6. Social media (specify site),æÓÇÆá ÇáÊæÇÕá ÇáÇÌÊãÇÚí (íÑÌì ÇáÊÍÏíÏ),,,,,
feedback_humanitarian_assistance_mode,complaints_box_feedback,7. Complaints/suggestions box,ÕäÏæŞ ÇáÔßÇæì / ÇáÇŞÊÑÇÍÇÊ,,,,,
feedback_humanitarian_assistance_mode,dont_want_provide_feedback,8. Do not want to provide feedback,áÇ ÇÑíÏ ÊŞÏíã Çí ÊÚáíŞÇÊ,,,,,
feedback_humanitarian_assistance_mode,other,Other (specify),ÛíÑåÇ (íÑÌì ÇáÊÍÏíÏ),,,,,
feedback_humanitarian_assistance_mode,dk,Don't know,áÇ ÃÚÑİ,,,,,
feedback_humanitarian_assistance_mode,dwta,Prefer not to answer,ÃİÖá ÚÏã ÇáÅÌÇÈÉ,,,,,
type_legal_docs_lost,property_docs_lost,1. Property documents,æËÇÆŞ ÇáãáßíÉ,,,,,
type_legal_docs_lost,family_book_lost,2. Family book,ßÊÇÈ ÇáÚÇÆáÉ,,,,,
type_legal_docs_lost,certificate_nationality_lost,3. Certificate of nationality,ÔåÇÏÉ ÇáÌäÓíÉ,,,,,
type_legal_docs_lost,passport_lost,4. Passport,ÌæÇÒ ÇáÓİÑ,,,,,
type_legal_docs_lost,national_id_lost,5. National ID card,ÈØÇŞÉ ÇáåæíÉ ÇáæØäíÉ,,,,,
type_legal_docs_lost,residence_certificate_lost,6. Residence Certificate,ÔåÇÏÉ ÇáÅŞÇãÉ,,,,,
type_legal_docs_lost,birth_certificate_lost,7. Birth certificate,ÔåÇÏÉ ÇáãíáÇÏ,,,,,
type_legal_docs_lost,other,Other (specify),ÛíÑ Ğáß (íÑÌì ÇáÊÍÏíÏ),,,,,
type_legal_docs_lost,dk,Don't know,áÇ ÃÚÑİ,,,,,
type_legal_docs_lost,dwta,Prefer not to answer, ÃİÖá ÚÏã ÇáÇÌÇÈÉ,,,,,
needed_legal_docs,everyone_has_legal_doc,Everyone who needs this document has it,ßá ãä íÍÊÇÌ Åáì åĞå ÇáæËíŞÉ íãáßåÇ,,,,,
needed_legal_docs,not_everyone_has_legal_doc,Not everyone who needs this document has it,"áíÓ ßá ãä íÍÊÇÌ Åáì åĞå ÇáæËíŞÉ íãáßåÇ
",,,,,
dont_have_legal_docs,lost_doc_conflict,1. We lost it in the conflict.,İŞÏäÇåÇ İí ÇáÍÑÈ.,,,,,
dont_have_legal_docs,process_renewing_doc,"2. We are in the process of obtaining or renewing it, so we will have it later.",äÍä ÈÕÏÏ ÇáÍÕæá ÚáíåÇ Ãæ ÊÌÏíÏåÇ ¡ áĞáß ÓäÍÕá ÚáíåÇ áÇÍŞğÇ.,,,,,
dont_have_legal_docs,mahalla_unable_issue_doc,3. This mahalla is currently unable to issue such documents.,åĞå ÇáãÍáÉ ÛíÑ ŞÇÏÑÉ ÍÇáíğÇ Úáì ÅÕÏÇÑ åĞå ÇáãÓÊäÏÇÊ.,,,,,
dont_have_legal_docs,unable_obtain_doc,4. We are unable to obtain it in this mahalla or anywhere else.,áÇ íãßääÇ ÇáÍÕæá ÚáíåÇ İí åĞå ÇáãÍáÉ Ãæ İí Ãí ãßÇä ÂÎÑ.,,,,,
dont_have_legal_docs,dk,Don't know,áÇ ÃÚÑİ,,,,,
dont_have_legal_docs,dwta,Prefer not to answer,ÃİÖá ÚÏã ÇáÅÌÇÈÉ,,,,,
losing_legal_docs_impact,losing_docs_education_impact,1. Education,ÇáÊÚáíã,,,,,
losing_legal_docs_impact,losing_docs_health_impact,2. Health,ÇáÕÍÉ,,,,,
losing_legal_docs_impact,losing_docs_assistance_government_impact,3. Assistance from government,ÇáãÓÇÚÏÉ ãä ÇáÍßæãÉ,,,,,
losing_legal_docs_impact,losing_docs_access_salary_impact,4. Access to salary,ÇáÍÕæá Úáì ÇáÑÇÊÈ,,,,,
losing_legal_docs_impact,losing_docs_food_assistance_impact,5. Food subsidies/assistance,ÇáÏÚã ÇáÛĞÇÆí / ÇáãÓÇÚÏÉ,,,,,
losing_legal_docs_impact,losing_docs_humanitarian_assistance_impact,6. Assistance from humanitarian organisation,ÇáãÓÇÚÏÉ ãä ÇáãäÙãÇÊ ÇáÅäÓÇäíÉ,,,,,
losing_legal_docs_impact,losing_docs_access_landhouse_impact,7. Access to household's land or house,ÇáæÕæá Åáì ÃÑÖ Ãæ ãäÒá ÇáÃÓÑÉ,,,,,
losing_legal_docs_impact,losing_docs_property_impact,"8. Access to household's property (e.g., household items, personal items)",ÇáæÕæá Åáì ããÊáßÇÊ ÇáÃÓÑÉ (Úáì ÓÈíá ÇáãËÇá¡ ÇáÃÏæÇÊ ÇáãäÒáíÉ ¡ æÇáÃÔíÇÁ ÇáÔÎÕíÉ),,,,,
losing_legal_docs_impact,losing_docs_movement_travel_impact,9. Movement or travel,ÇáÍÑßÉ Ãæ ÇáÓİÑ,,,,,
losing_legal_docs_impact,losing_docs_simcard_impact,10. Ability to get SIM card,ÇáŞÏÑÉ Úáì ÇáÍÕæá Úáì ÈØÇŞÉ Óíã (ÔÑíÍÉ ÇáåÇÊİ),,,,,
losing_legal_docs_impact,other,Other (specify), ÛíÑ Ğáß (íÑÌì ÇáÊÍÏíÏ),,,,,
losing_legal_docs_impact,losing_docs_no_impact,12. Loss of document did not affect our access to any services, İŞÏÇä ÇáãÓÊäÏ áã íÄËÑ Úáì æÕæáäÇ Åáì Ãí ÎÏãÇÊ,,,,,
losing_legal_docs_impact,dk,Don't know, áÇ ÃÚÑİ,,,,,
losing_legal_docs_impact,dwta,Prefer not to answer, ÃİÖá ÚÏã ÇáÅÌÇÈÉ,,,,,
not_applying_new_docs_reasons,not_familiar_procedures,1. Not familiar with the procedures,áíÓ Úáì ÏÑÇíÉ ÈÇáÅÌÑÇÁÇÊ,,,,,
not_applying_new_docs_reasons,no_functioning_civil_registry,2. No functioning civil registry nearby,áÇ íæÌÏ ãßÇÊÈ ÓÌá ãÏäí İí ãßÇä ŞÑíÈ,,,,,
not_applying_new_docs_reasons,safety_risks_travel_registry,3. Safety risks to travel to civil registry ,ãÎÇØÑ ÇáÓáÇãÉ ÚäÏ ÇáÊäŞá Åáì ãßÇÊÈ ÇáÓÌá ÇáãÏäí,,,,,
not_applying_new_docs_reasons,process_complicated,4. Process is too complicated and takes time ,ÇáÚãáíÉ ãÚŞÏÉ ááÛÇíÉ æÊÓÊÛÑŞ ÈÚÖ ÇáæŞÊ,,,,,
not_applying_new_docs_reasons,cannot_access_authorities,5. Cannot access relevant authorities in area of displacement  ,áÇ íãßä ÇáæÕæá Åáì ÇáÓáØÇÊ ÇáãÎÊÕÉ İí ãäØŞÉ ÇáäÒæÍ,,,,,
not_applying_new_docs_reasons,different_docs_alternatives,"6. Already have a different document that replaces the official one  (i.e., document replacing family book)",áÏíß ÈÇáİÚá ãÓÊäÏğÇ ãÎÊáİğÇ íÍá ãÍá ÇáãÓÊäÏ ÇáÑÓãí (ãËá ãÓÊäÏ íÍá ãÍá ÏİÊÑ ÇáÚÇÆáÉ),,,,,
not_applying_new_docs_reasons,other,Other (specify),ÛíÑ Ğáß (íÑÌì ÇáÊÍÏíÏ),,,,,
not_applying_new_docs_reasons,dk,Don't know,áÇ ÃÚÑİ,,,,,
not_applying_new_docs_reasons,dwta,Prefer not to answer,ÃİÖá ÚÏã ÇáÅÌÇÈÉ,,,,,
presence_explosive_hazards_actions,no_actions_taken,1. No action taken,áã íÊÎĞ Ãí ÅÌÑÇÁ,,,,,
presence_explosive_hazards_actions,contacted_hotline_services,2. Contacted hotline/emergency services                      ,ÇÊÕáÊ ÈÇáÎØ ÇáÓÇÎä / ÎÏãÇÊ ÇáØæÇÑÆ,,,,,
presence_explosive_hazards_actions,contacted_local_authorities,3. Contacted local authorities,ÇÊÕáÊ ÈÇáÓáØÇÊ ÇáãÍáíÉ,,,,,
presence_explosive_hazards_actions,contacted_mine_action_authority,4. Contacted a mine action authority (specify),ÇÊÕáÊ ÈÇáÓáØÉ ÇáãÚäíÉ ÈÇáÃáÛÇã (ÍÏÏ),,,,,
presence_explosive_hazards_actions,contacted_international_organization,5. Contacted an international organisation ,ÇÊÕáÊ ÈãäÙãÉ ÏæáíÉ,,,,,
presence_explosive_hazards_actions,self_help,"6. Self-help (i.e., cleared the explosive hazard themselves)",ÇáãÓÇÚÏÉ ÇáĞÇÊíÉ (Ãí ÅÒÇáÉ ãÎÇØÑ ÇáãÊİÌÑÇÊ ÈÃäİÓäÇ),,,,,
presence_explosive_hazards_actions,dk,Don't know,áÇ ÃÚÑİ,,,,,
presence_explosive_hazards_actions,dwta,Prefer not to answer,ÃİÖá ÚÏã ÇáÅÌÇÈÉ,,,,,
explosive_hazards_injured,none_injured_killed,"1. No, no one injured or killed",áÇ¡ áã íÕÈ ÃÍÏ Ãæ íŞÊá,,,,,
explosive_hazards_injured,yes_adult_injured,"2. Yes, adult member(s) injured",äÚã¡ İÑÏ ÈÇáÛ (ÃİÑÇÏ) ãÕÇÈ,,,,,
explosive_hazards_injured,yes_adult_killes,"3. Yes, adult member(s) killed",äÚã¡ ŞÊá İÑÏ ÈÇáÛ (ÃİÑÇÏ),,,,,
explosive_hazards_injured,yes_children_injured,"4. Yes, child/children injured",äÚã¡ Øİá / ÃØİÇá ãÕÇÈíä,,,,,
explosive_hazards_injured,yes_children_killed,"5. Yes, child/children killed",äÚã¡ ŞÊá Øİá / ÃØİÇá,,,,,
explosive_hazards_injured,dwta,Prefer not to answer,ÃİÖá ÚÏã ÇáÅÌÇÈÉ,,,,,
explosive_hazards_injured_assistance,yes_financial_support,"1. Yes, financial support",äÚã¡ ÇáÏÚã ÇáãÇáí,,,,,
explosive_hazards_injured_assistance,yes_psychological_support,"2. Yes, psychological and psychosocial support",äÚã¡ ÇáÏÚã ÇáäİÓí æÇáÇÌÊãÇÚí ,,,,,
explosive_hazards_injured_assistance,yes_rehabilitation_support,"3. Yes, support in physical therapy and functional rehabilitation",äÚã¡ ÏÚã İí ÇáÚáÇÌ ÇáØÈíÚí æÅÚÇÏÉ ÇáÊÃåíá ÇáæÙíİí,,,,,
explosive_hazards_injured_assistance,yes_mobility_devices_donation,"4. Yes, donation of mobility devices (wheelchairs, crutches, etc.)",äÚã¡ ÇáÊÈÑÚ ÈÃÌåÒÉ ÇáÊäŞá (ÇáßÑÇÓí ÇáãÊÍÑßÉ¡ ÇáÚßÇÒÇÊ¡ ÅáÎ),,,,,
explosive_hazards_injured_assistance,yes_prosthesis_donations,"5. Yes, donation of prosthesis & orthotics (artificial limb, externally applied device, etc.)",äÚã ¡ ÇáÊÈÑÚ ÈÇáÃØÑÇİ ÇáÇÕØäÇÚíÉ æÊŞæíã ÇáÚÙÇã (ÃØÑÇİ ÇÕØäÇÚíÉ¡ ÌåÇÒ ãÓÊÎÏã ÎÇÑÌíğÇ¡ ÅáÎ),,,,,
explosive_hazards_injured_assistance,yes_other_type,"6. Yes, other type of assistance (specify)",äÚã¡ äæÚ ÂÎÑ ãä ÇáãÓÇÚÏÉ (íÑÌì ÇáÊÍÏíÏ),,,,,
explosive_hazards_injured_assistance,assistance_needed_none_received,7. Assistance needed but none received,ÇÍÊÇÌ Åáì ãÓÇÚÏÉ áßä áã ÇÊáŞì ÔíÆÇğ,,,,,
explosive_hazards_injured_assistance,dont_need_assistance,8. Do not need assistance,áÇ ÇÍÊÇÌ Åáì ãÓÇÚÏÉ,,,,,
explosive_hazards_injured_assistance,dwta,Prefer not to answer,ÃİÖá ÚÏã ÇáÅÌÇÈÉ,,,,,
killed_injured_assistance_source,specialist_healthcare_source,"1. Specialist healthcare (hospital, clinic, etc.)",ÇáÑÚÇíÉ ÇáÕÍíÉ ÇáãÊÎÕÕÉ (ÇáãÓÊÔİì¡ ÇáÚíÇÏÉ¡ ÅáÎ),,,,,
killed_injured_assistance_source,martyr_association_source,2. Martyrs' association,ÌãÚíÉ ÇáÔåíÏ,,,,,
killed_injured_assistance_source,martyr_ministry_source,3. Ministry of Martyrs,æÒÇÑÉ ÇáÔåíÏ,,,,,
killed_injured_assistance_source,family_source,4. Family,ÇáÃÓÑÉ,,,,,
killed_injured_assistance_source,private_donations_source,5. Private donations,ÇáÊÈÑÚÇÊ ÇáÎÇÕÉ,,,,,
killed_injured_assistance_source,local_ngo_source,6. Local NGO,ÇáãäÙãÇÊ ÛíÑ ÇáÍßæãíÉ ÇáãÍáíÉ,,,,,
killed_injured_assistance_source,municipal_authorities_source,7. Municipal authorities,ÇáÓáØÇÊ ÇáÈáÏíÉ,,,,,
killed_injured_assistance_source,religious_authorities_source,8. Religious authorities,ÇáÓáØÇÊ ÇáÏíäíÉ,,,,,
killed_injured_assistance_source,international_ngo_source,9. International NGO,ÇáãäÙãÇÊ ÛíÑ ÇáÍßæãíÉ ÇáÏæáíÉ,,,,,
killed_injured_assistance_source,social_solidarity_fund_source,10. Social Solidarity Fund, ÕäÏæŞ ÇáÊÖÇãä ÇáÇÌÊãÇÚí,,,,,
killed_injured_assistance_source,ministry_health_source,11. Ministry of Health, æÒÇÑÉ ÇáÕÍÉ,,,,,
killed_injured_assistance_source,ministry_social_affairs_source,12. Ministry of Social Affairs, æÒÇÑÉ ÇáÔÄæä ÇáÇÌÊãÇÚíÉ,,,,,
killed_injured_assistance_source,other_government_source,13. Other government, ÍßæãÉ ÃÎÑì,,,,,
killed_injured_assistance_source,other,Other (specify), ÛíÑ Ğáß (íÑÌì ÇáÊÍÏíÏ),,,,,
missing_family_members_since,less_1year_missing,1. Less than 1 year,ÃŞá ãä 1 ÓäÉ,,,,,
missing_family_members_since,between_1_2years_missing,2. 1-2 years,ãä ÓäÉ Åáì ÓäÊíä,,,,,
missing_family_members_since,between_3_5years_missing,3. 3-5 years,ãä 3 ÓäæÇÊ Åáì 5 ÓäæÇÊ,,,,,
missing_family_members_since,more_5years_missing,4. More than 5 years,ÃßËÑ ãä 5 ÓäæÇÊ,,,,,
missing_family_members_since,dk,Don't know,áÇ ÃÚÑİ,,,,,
missing_family_members_since,dwta,Prefer not to answer,ÃİÖá ÚÏã ÇáÅÌÇÈÉ,,,,,
movement_restrictions_reasons,activities_armed_groups,1. Activities of armed groups,ÃäÔØÉ ÇáÌãÇÚÇÊ ÇáãÓáÍÉ,,,,,
movement_restrictions_reasons,checkpoints_movement_restriction,2. Checkpoints,äŞÇØ ÇáÊİÊíÔ,,,,,
movement_restrictions_reasons,rules_imposed_authorities,3. Rules imposed by concerned authorities,ÇáŞæÇÚÏ ÇáÊí ÊİÑÖåÇ ÇáÌåÇÊ ÇáãÚäíÉ,,,,,
movement_restrictions_reasons,general_violence,4. General violence,ÇáÚäİ ÇáÚÇã,,,,,
movement_restrictions_reasons,presence_explosive_hazards_movement_restrictions,5. Presence of explosive hazards,æÌæÏ ãÎÇØÑ ÇáãÊİÌÑÇÊ,,,,,
movement_restrictions_reasons,lack_identity_docs,6. Lack of identity documents,äŞÕ æËÇÆŞ ÇáåæíÉ,,,,,
movement_restrictions_reasons,other,Other (specify),ÛíÑ Ğáß (íÑÌì ÇáÊÍÏíÏ),,,,,
movement_restrictions_reasons,dk,Don't know,áÇ ÃÚÑİ,,,,,
movement_restrictions_reasons,dwta,Prefer not to answer,ÃİÖá ÚÏã ÇáÅÌÇÈÉ,,,,,
physical_cognitive_difficultie_categories,no,No,áÇ,,,,,
physical_cognitive_difficultie_categories,yes_male_infants,Yes Male infants (aged 0-5 years) ,ÇáÑÖÚ ÇáĞßæÑ (ÇáĞíä ÊÊÑÇæÍ ÃÚãÇÑåã Èíä 0-5 ÓäæÇÊ),,,,,
physical_cognitive_difficultie_categories,yes_male_children,Yes Male children (aged 6-14 years),ÇáÃØİÇá ÇáĞßæÑ (ÇáĞíä ÊÊÑÇæÍ ÃÚãÇÑåã Èíä 6-14 ÓäÉ),,,,,
physical_cognitive_difficultie_categories,yes_male_youths,Yes Male youths (aged 15-17 years),ÇáÔÈÇÈ ÇáĞßæÑ (ÇáĞíä ÊÊÑÇæÍ ÃÚãÇÑåã Èíä 15 æ 17 ÓäÉ),,,,,
physical_cognitive_difficultie_categories,yes_male_adults,Yes Male adults (aged 18-64 years) ,ÇáĞßæÑ ÇáÈÇáÛíä (ÇáĞíä ÊÊÑÇæÍ ÃÚãÇÑåã Èíä 18-64 ÓäÉ),,,,,
physical_cognitive_difficultie_categories,yes_male_elderly,Yes Male elderly (aged 65+ years),ßÈÇÑ ÇáÓä ãä ÇáĞßæÑ (65 ÓäÉ İÃßËÑ),,,,,
physical_cognitive_difficultie_categories,yes_female_infants,Yes Female infants (aged 0-5 years) ,ÇáÅäÇË ÇáÑÖÚ (ÇáĞíä ÊÊÑÇæÍ ÃÚãÇÑåã Èíä 0-5 ÓäæÇÊ),,,,,
physical_cognitive_difficultie_categories,yes_female_children,Yes Female children (aged 6-14 years),ØİáÉ (ÊÊÑÇæÍ ÃÚãÇÑåä Èíä 6 æ 14 ÓäÉ),,,,,
physical_cognitive_difficultie_categories,yes_female_youths,Yes Female youths (aged 15-17 years) ,ÔÇÈÇÊ (ÊÊÑÇæÍ ÃÚãÇÑåä Èíä 15 æ 17 ÓäÉ),,,,,
physical_cognitive_difficultie_categories,yes_female_adults,Yes  Female adults (aged 18-64 years) , ÇáÅäÇË ÇáÈÇáÛÇÊ (18-64 ÓäÉ),,,,,
physical_cognitive_difficultie_categories,yes_female_elderly,Yes  Female elderly (aged 65+ years) , ÇáÅäÇË ÇáãÓäÇÊ (ÇáĞíä ÊÈáÛ ÃÚãÇÑåã 65 ÓäÉ İÃßËÑ),,,,,
physical_cognitive_difficultie_categories,dk,Don't know, áÇ ÃÚÑİ,,,,,
physical_cognitive_difficultie_categories,dwta,Prefer not to answer, ÊİÖá ÚÏã ÇáÇÌÇÈÉ ,,,,,
displacement_status,returnee,returnee,,,,,,
displacement_status,idp,idp,,,,,,
displacement_status,non_displaced,non_displaced,,,,,,
mantika,LY0101,Derna,,,,,,
mantika,LY0103,Benghazi,,,,,,
mantika,LY0105,Ejdabia,,,,,,
mantika,LY0107,Alkufra,,,,,,
mantika,LY0208,Sirt,,,,,,
mantika,LY0211,Tripoli,,,,,,
mantika,LY0212,Aljfara,,,,,,
mantika,LY0213,Azzawya,,,,,,
mantika,LY0214,Misrata,,,,,,
mantika,LY0215,Zwara,,,,,,
mantika,LY0216,Al Jabal Al Gharbi,,,,,,
mantika,LY0317,Aljufra,,,,,,
mantika,LY0318,Wadi Ashshati,,,,,,
mantika,LY0319,Sebha,,,,,,
mantika,LY0320,Ubari,,,,,,
mantika,LY0321,Ghat,,,,,,
mantika,LY0322,Murzuq,,,,,,
baladiya,LY010101,Umm arrazam,,,,,,
baladiya,LY010102,Derna,,,,,,
baladiya,LY010103,Alqubba,,,,,,
baladiya,LY010104,Alqayqab,,,,,,
baladiya,LY010105,Labriq,,,,,,
baladiya,LY010301,Alabyar,,,,,,
baladiya,LY010302,Toukra,,,,,,
baladiya,LY010303,Suloug,,,,,,
baladiya,LY010304,Benghazi,,,,,,
baladiya,LY010305,Gemienis,,,,,,
baladiya,LY010501,Ejkherra,,,,,,
baladiya,LY010502,Jalu,,,,,,
baladiya,LY010503,Aujala,,,,,,
baladiya,LY010504,Ejdabia,,,,,,
baladiya,LY010505,Marada,,,,,,
baladiya,LY010506,Albrayga,,,,,,
baladiya,LY010701,Alkufra,,,,,,
baladiya,LY010702,Tazirbu,,,,,,
baladiya,LY020801,Khaleej Assidra,,,,,,
baladiya,LY020802,Hrawa,,,,,,
baladiya,LY020803,Sirt,,,,,,
baladiya,LY021101,Suq Aljumaa,,,,,,
baladiya,LY021102,Tajoura,,,,,,
baladiya,LY021103,Ain Zara,,,,,,
baladiya,LY021104,Tripoli,,,,,,
baladiya,LY021105,Abusliem,,,,,,
baladiya,LY021106,Hai Alandalus,,,,,,
baladiya,LY021201,Sidi Assayeh,,,,,,
baladiya,LY021202,Suq Alkhamees,,,,,,
baladiya,LY021203,Qasr Bin Ghasheer,,,,,,
baladiya,LY021204,Espeaa,,,,,,
baladiya,LY021205,Swani Bin Adam,,,,,,
baladiya,LY021206,Janzour,,,,,,
baladiya,LY021207,Al Aziziya,,,,,,
baladiya,LY021208,Al Maya,,,,,,
baladiya,LY021209,Azzahra,,,,,,
baladiya,LY021301,Azzawya,,,,,,
baladiya,LY021302,Surman,,,,,,
baladiya,LY021303,Gharb Azzawya,,,,,,
baladiya,LY021304,Janoub Azzawya,,,,,,
baladiya,LY021401,Misrata,,,,,,
baladiya,LY021402,Zliten,,,,,,
baladiya,LY021403,Abu Qurayn,,,,,,
baladiya,LY021404,Bani Waleed,,,,,,
baladiya,LY021405,Tawargha,,,,,,
baladiya,LY021501,Al Ajaylat,,,,,,
baladiya,LY021502,Sabratha,,,,,,
baladiya,LY021503,Zwara,,,,,,
baladiya,LY021504,Aljmail,,,,,,
baladiya,LY021505,Rigdaleen,,,,,,
baladiya,LY021506,Ziltun,,,,,,
baladiya,LY021601,"Nesma
",,,,,,
baladiya,LY021602,Azzintan,,,,,,
baladiya,LY021603,Alasabaa,,,,,,
baladiya,LY021604,Al Qalaa,,,,,,
baladiya,LY021605,Yefren,,,,,,
baladiya,LY021606,Ghiryan,,,,,,
baladiya,LY021607,Kikkla,,,,,,
baladiya,LY021608,Arrajban,,,,,,
baladiya,LY021609,Jadu,,,,,,
baladiya,LY021610,Arrhaibat,,,,,,
baladiya,LY021611,Arrayayna,,,,,,
baladiya,LY021612,Ashshgega,,,,,,
baladiya,LY021613,Ashshwayrif,,,,,,
baladiya,LY021614,Thaher Aljabal,,,,,,
baladiya,LY031701,Aljufra,,,,,,
baladiya,LY031801,Brak,,,,,,
baladiya,LY031802,Edri,,,,,,
baladiya,LY031803,Algurdha Ashshati,,,,,,
baladiya,LY031901,Sebha,,,,,,
baladiya,LY031902,Albawanees,,,,,,
baladiya,LY032001,Bint Bayya,,,,,,
baladiya,LY032002,Alghrayfa,,,,,,
baladiya,LY032003,Ubari,,,,,,
baladiya,LY032101,Ghat,,,,,,
baladiya,LY032201,Alsharguiya,,,,,,
baladiya,LY032202,Algatroun,,,,,,
baladiya,LY032203,Taraghin,,,,,,
baladiya,LY032204,Murzuq,,,,,,
baladiya,LY032205,Wadi Etba,,,,,,
document_needs,property_docs,Property docs,,,,,,
document_needs,family_books,Family books,,,,,,
document_needs,certificate_nationality,Certificate nationality,,,,,,
document_needs,passport,Passport,,,,,,
document_needs,national_identifier,National identifier,,,,,,
document_needs,national_idcard,National ID card,,,,,,
document_needs,residence_certificate,Residence certificate,,,,,,
document_needs,birth_certificate,Birth certificate,,,,,,
document_needs,other_docs,Other,,,,,,
returnee_problems_faced,house_occupied,House occupied,,,,,,
returnee_problems_faced,inability_prove_legal_ownership,Inability to prove legal ownership,,,,,,
returnee_problems_faced,hostility_from_local_community,Hostility from local community,,,,,,
returnee_problems_faced,lack_security_area,Lack security security area,,,,,,
returnee_problems_faced,parts_house_property_destroyed,Parts of house or property destroyed,,,,,,
returnee_problems_faced,missing_valuables_house_property,Missing valuables,,,,,,
returnee_problems_faced,inability_move_freely,Inability to move freely,,,,,,
returnee_problems_faced,basic_services_hh_nolonger_working,Basic services in house no longer working,,,,,,
returnee_problems_faced,basic_services_community_nolonger_working,Basic services in community no longer working,,,,,,
returnee_problems_faced,mobilephone_network_nolonger_working,Mobile network no longer working,,,,,,
returnee_problems_faced,other_problem_faced,Other,,,,,,
